ts_code,trade_date,close,turnover_rate,turnover_rate_f,volume_ratio,pe,pe_ttm,pb,total_mv,circ_mv
600519.SH,20260529,1326.0,0.6118,1.4138,1.42,20.1361,20.04,6.1876,165760820.2926,165760820.2926
600519.SH,20260528,1275.98,0.3671,0.8483,0.87,19.3766,19.284,5.9541,159507912.1244,159507912.1244
600519.SH,20260527,1303.0,0.6606,1.5231,1.82,19.8215,19.7268,6.0234,163170809.0145,163170809.0145
600519.SH,20260526,1273.38,0.3668,0.8457,1.02,19.3709,19.2784,5.8865,159461584.6377,159461584.6377
600519.SH,20260525,1285.88,0.3701,0.8534,1.01,19.5611,19.4677,5.9443,161026922.4064,161026922.4064
600519.SH,20260522,1290.2,0.3925,0.9051,1.04,19.6268,19.5331,5.9642,161567903.1393,161567903.1393
600519.SH,20260521,1311.0,0.3104,0.7156,0.77,19.9432,19.848,6.0604,164172625.1865,164172625.1865
600519.SH,20260520,1315.0,0.3792,0.8743,0.9,20.0041,19.9085,6.0789,164673533.2725,164673533.2725
600519.SH,20260519,1324.3,0.3454,0.7964,0.8,20.1455,20.0493,6.1219,165838144.5725,165838144.5725
600519.SH,20260518,1323.0,0.3966,0.9143,0.89,20.1258,20.0296,6.1159,165675349.4445,165675349.4445
600519.SH,20260515,1332.95,0.4646,1.0713,1.15,20.2771,20.1803,6.1619,166921358.3084,166921358.3084
600519.SH,20260514,1342.17,0.4412,1.0171,1.16,20.4174,20.3199,6.2045,168075951.4467,168075951.4467
600519.SH,20260513,1344.09,0.4549,1.0489,1.24,20.4466,20.3489,6.2134,168316387.3279,168316387.3279
600519.SH,20260512,1354.55,0.406,0.936,1.1,20.6057,20.5073,6.2617,169626261.9728,169626261.9728
600519.SH,20260511,1361.33,0.4563,1.0519,1.37,20.7088,20.6099,6.2931,170475301.1786,170475301.1786
600519.SH,20260508,1372.99,0.2665,0.6144,0.8,20.8862,20.7865,6.347,171935448.2493,171935448.2493
600519.SH,20260507,1371.05,0.3231,0.745,0.84,20.8567,20.7571,6.338,171692507.8276,171692507.8276
600519.SH,20260506,1375.0,0.3818,0.8802,0.96,20.9168,20.8169,6.3563,172187154.5625,172187154.5625
600519.SH,20260430,1384.79,0.4213,0.9713,1.12,21.0657,20.9651,6.4015,173413127.103,173413127.103
600519.SH,20260429,1401.17,0.278,0.641,0.77,21.3149,21.2131,6.4772,175464345.7152,175464345.7152
600519.SH,20260428,1405.0,0.2715,0.6261,0.79,21.3732,21.2711,6.4949,175943965.2075,175943965.2075
600519.SH,20260427,1403.2,0.5813,1.3403,2.04,21.3458,21.2438,6.4866,175718556.5688,175718556.5688
600519.SH,20260424,1458.49,0.4428,0.9712,1.26,22.1869,22.1869,7.4658,182642358.5875,182642358.5875
600519.SH,20260423,1419.0,0.3011,0.6603,0.91,21.5861,21.5861,7.2637,177697143.5085,177697143.5085
600519.SH,20260422,1409.5,0.2149,0.4714,0.63,21.4416,21.4416,7.2151,176507486.8043,176507486.8043
600519.SH,20260421,1412.01,0.1737,0.381,0.5,21.4798,21.4798,7.2279,176821806.6282,176821806.6282
600519.SH,20260420,1410.89,0.2911,0.6384,0.89,21.4628,21.4628,7.2222,176681552.3641,176681552.3641
600519.SH,20260417,1407.24,0.7732,1.6957,3.52,21.4072,21.4072,7.2035,176224473.7357,176224473.7357
600519.SH,20260416,1462.84,0.1957,0.4513,0.92,21.2445,20.3479,8.0675,183187096.1311,183187096.1311
600519.SH,20260415,1467.5,0.2759,0.6362,1.3,21.3121,20.4128,8.0932,183770654.0513,183770654.0513
600519.SH,20260414,1446.9,0.1935,0.4462,0.91,21.013,20.1262,7.9795,181190977.4084,181190977.4084
600519.SH,20260413,1443.31,0.2013,0.4642,0.99,20.9608,20.0763,7.9597,180741412.4012,180741412.4012
600519.SH,20260410,1453.96,0.2305,0.5315,1.2,21.1155,20.2244,8.0185,182075080.1801,182075080.1801
600519.SH,20260409,1460.49,0.1653,0.3812,0.81,21.2103,20.3153,8.0545,182892812.6305,182892812.6305
600519.SH,20260408,1465.02,0.2702,0.623,1.08,21.2761,20.3783,8.0795,183460091.0379,183460091.0379
600519.SH,20260407,1440.02,0.1929,0.4447,0.75,20.9131,20.0305,7.9416,180329415.5004,180329415.5004
600519.SH,20260403,1460.0,0.1613,0.3718,0.59,21.2032,20.3084,8.0518,182831451.39,182831451.39
600519.SH,20260402,1459.88,0.1682,0.3878,0.61,21.2015,20.3068,8.0511,182816424.1474,182816424.1474
600519.SH,20260401,1459.44,0.2326,0.5362,0.86,21.1951,20.3006,8.0487,182761324.258,182761324.258
600519.SH,20260331,1450.0,0.4926,1.1358,2.26,21.058,20.1693,7.9966,181579181.175,181579181.175
600519.SH,20260330,1420.0,0.2291,0.5281,0.92,20.6223,19.752,7.8312,177822370.53,177822370.53
600519.SH,20260327,1416.02,0.2403,0.554,1.0,20.5645,19.6967,7.8092,177323966.9844,177323966.9844
600519.SH,20260326,1401.18,0.1844,0.4252,0.73,20.349,19.4903,7.7274,175465597.9854,175465597.9854
600519.SH,20260325,1410.27,0.2084,0.4804,0.78,20.481,19.6167,7.7775,176603911.6108,176603911.6108
600519.SH,20260324,1407.33,0.2281,0.5259,0.76,20.4383,19.5758,7.7613,176235744.1676,176235744.1676
600519.SH,20260323,1408.07,0.3774,0.8701,1.17,20.4491,19.5861,7.7654,176328412.1635,176328412.1635
600519.SH,20260320,1445.0,0.2087,0.4811,0.63,20.9854,20.0998,7.9691,180953046.0675,180953046.0675
600519.SH,20260319,1452.87,0.2421,0.5582,0.73,21.0997,20.2093,8.0125,181938582.7267,181938582.7267
600519.SH,20260318,1468.8,0.2839,0.6545,0.91,21.331,20.4308,8.1003,183933449.1792,183933449.1792
600519.SH,20260317,1485.0,0.3949,0.9105,1.45,21.5663,20.6562,8.1897,185962126.9275,185962126.9275
600519.SH,20260316,1460.18,0.4798,1.1063,2.03,21.2058,20.3109,8.0528,182853992.2539,182853992.2539
600519.SH,20260313,1413.64,0.2684,0.6188,1.17,20.5299,19.6636,7.7961,177025926.6733,177025926.6733
600519.SH,20260312,1392.0,0.2203,0.5079,0.94,20.2157,19.3626,7.6768,174316013.928,174316013.928
600519.SH,20260311,1400.0,0.1953,0.4503,0.72,20.3319,19.4738,7.7209,175317830.1,175317830.1
600519.SH,20260310,1401.88,0.1967,0.4534,0.64,20.3592,19.5,7.7313,175553256.9004,175553256.9004
600519.SH,20260309,1397.0,0.299,0.6894,0.99,20.2883,19.4321,7.7043,174942149.0355,174942149.0355
600519.SH,20260306,1402.0,0.2328,0.5368,0.76,20.3609,19.5017,7.7319,175568284.143,175568284.143
600519.SH,20260305,1399.04,0.2436,0.5616,0.78,20.3179,19.4605,7.7156,175197612.1594,175197612.1594
600519.SH,20260304,1401.18,0.3834,0.884,1.31,20.349,19.4903,7.7274,175465597.9854,175465597.9854
600519.SH,20260303,1426.19,0.3665,0.8449,1.28,20.7122,19.8381,7.8653,178597525.7931,178597525.7931
600519.SH,20260302,1440.11,0.2831,0.6528,0.96,20.9144,20.0318,7.9421,180340685.9324,180340685.9324
600519.SH,20260227,1455.02,0.2568,0.5921,0.81,21.1309,20.2392,8.0243,182207820.8229,182207820.8229
600519.SH,20260226,1466.21,0.2632,0.6068,0.83,21.2934,20.3948,8.086,183609111.1935,183609111.1935
600519.SH,20260225,1491.66,0.2945,0.679,0.92,21.663,20.7488,8.2264,186796138.8907,186796138.8907
600519.SH,20260224,1466.8,0.3347,0.7717,1.0,21.302,20.403,8.0893,183682995.1362,183682995.1362
600519.SH,20260213,1485.3,0.3328,0.7674,0.84,21.5706,20.6604,8.1913,185999695.034,185999695.034
600519.SH,20260212,1486.6,0.3693,0.8515,0.79,21.5895,20.6784,8.1985,186162490.1619,186162490.1619
600519.SH,20260211,1504.33,0.247,0.5694,0.42,21.847,20.9251,8.2963,188382765.2531,188382765.2531
600519.SH,20260210,1504.8,0.316,0.7287,0.47,21.8538,20.9316,8.2989,188441621.9532,188441621.9532
600519.SH,20260209,1524.96,0.4086,0.9421,0.57,22.1466,21.212,8.41,190966198.7066,190966198.7066
600519.SH,20260206,1515.01,0.6306,1.4539,0.84,22.0021,21.0736,8.3552,189720189.8427,189720189.8427
600519.SH,20260205,1555.0,0.7317,1.6869,0.81,22.5829,21.6299,8.5757,194728018.4325,194728018.4325
600519.SH,20260204,1525.0,0.8714,2.0091,1.03,22.1472,21.2126,8.4103,190971207.7875,190971207.7875
600519.SH,20260203,1474.92,0.6893,1.5893,0.87,21.4199,20.516,8.1341,184699838.5508,184699838.5508
600519.SH,20260202,1427.0,0.6846,1.5783,0.88,20.724,19.8494,7.8698,178698959.6805,178698959.6805
600519.SH,20260130,1401.0,0.7545,1.7395,1.04,20.3464,19.4878,7.7264,175443057.1215,175443057.1215
600519.SH,20260129,1437.72,1.5135,3.4896,2.91,20.8797,19.9985,7.9289,180041393.351,180041393.351
600519.SH,20260128,1323.69,0.6086,1.4033,1.21,19.2236,18.4124,7.3001,165761756.0893,165761756.0893
600519.SH,20260127,1343.01,0.3866,0.8914,0.8,19.5042,18.6811,7.4066,168181142.1447,168181142.1447
600519.SH,20260126,1342.0,0.6402,1.476,1.52,19.4895,18.6671,7.401,168054662.853,168054662.853
600519.SH,20260123,1337.0,0.4947,1.1406,1.2,19.4169,18.5975,7.3735,167428527.7455,167428527.7455
600519.SH,20260122,1340.06,0.4712,1.0865,1.23,19.4614,18.6401,7.3903,167811722.4313,167811722.4313
600519.SH,20260121,1351.06,0.5152,1.1878,1.42,19.6211,18.7931,7.451,169189219.6678,169189219.6678
600519.SH,20260120,1373.55,0.2913,0.6717,0.8,19.9477,19.1059,7.575,172005575.3813,172005575.3813
600519.SH,20260119,1376.0,0.3377,0.7786,0.95,19.9833,19.14,7.5885,172312381.584,172312381.584
600519.SH,20260116,1382.0,0.4402,1.0149,1.39,20.0704,19.2235,7.6216,173063743.713,173063743.713
600519.SH,20260115,1388.89,0.3267,0.7532,1.1,20.1705,19.3193,7.6596,173926557.8911,173926557.8911
600519.SH,20260114,1398.01,0.4133,0.9529,1.58,20.303,19.4462,7.7099,175068628.3272,175068628.3272
600519.SH,20260113,1411.0,0.3128,0.7212,1.19,20.4916,19.6269,7.7816,176695327.3365,176695327.3365
600519.SH,20260112,1423.23,0.2881,0.6643,0.91,20.6692,19.797,7.849,178226853.8094,178226853.8094
600519.SH,20260109,1419.1,0.2383,0.5495,0.73,20.6092,19.7395,7.8262,177709666.2107,177709666.2107
600519.SH,20260108,1412.3,0.2327,0.5364,0.7,20.5105,19.6449,7.7887,176858122.4645,176858122.4645
600519.SH,20260107,1423.36,0.237,0.5465,0.72,20.6711,19.7988,7.8497,178243133.3222,178243133.3222
600519.SH,20260106,1428.01,0.3161,0.7288,1.08,20.7386,19.8635,7.8754,178825438.9722,178825438.9722
600519.SH,20260105,1426.0,0.5666,1.3063,2.61,20.7094,19.8355,7.8643,178573732.659,178573732.659
600519.SH,20251231,1377.18,0.2776,0.6401,1.37,20.0004,19.1564,7.595,172460149.4694,172460149.4694
600519.SH,20251230,1389.72,0.2698,0.6222,1.44,20.1826,19.3308,7.6642,174030496.319,174030496.319
600519.SH,20251229,1402.0,0.2101,0.4836,1.18,20.3609,19.5017,7.7319,175568284.143,175568284.143
600519.SH,20251226,1414.13,0.1422,0.3273,0.74,20.5371,19.6704,7.7988,177087287.9138,177087287.9138
600519.SH,20251225,1414.17,0.1868,0.4299,1.02,20.5376,19.6709,7.799,177092296.9947,177092296.9947
600519.SH,20251224,1400.9,0.2011,0.463,1.04,20.3449,19.4864,7.7259,175430534.4194,175430534.4194
600519.SH,20251223,1407.86,0.1957,0.4505,1.02,20.446,19.5832,7.7642,176302114.489,176302114.489
600519.SH,20251222,1408.26,0.1631,0.3755,0.77,20.4518,19.5887,7.7664,176352205.2976,176352205.2976
600519.SH,20251219,1410.0,0.2117,0.4873,0.92,20.4771,19.6129,7.776,176570100.315,176570100.315
600519.SH,20251218,1431.0,0.1424,0.3278,0.6,20.7821,19.905,6.9709,179199867.7665,179199867.7665
600519.SH,20251217,1433.1,0.2506,0.5769,1.05,20.8126,19.9343,6.9811,179462844.5117,179462844.5117
600519.SH,20251216,1422.0,0.1914,0.4405,0.71,20.6514,19.7799,6.927,178072824.573,178072824.573
600519.SH,20251215,1426.0,0.2664,0.6132,0.99,20.7094,19.8355,6.9465,178573732.659,178573732.659
600519.SH,20251212,1420.65,0.2967,0.6831,1.18,20.6318,19.7611,6.9204,177903768.094,177903768.094
600519.SH,20251211,1411.99,0.1788,0.4115,0.68,20.506,19.6406,6.8783,176819302.0878,176819302.0878
600519.SH,20251210,1402.8,0.2646,0.6091,1.07,20.3725,19.5128,6.8335,175668465.7602,175668465.7602
600519.SH,20251209,1401.01,0.3405,0.7837,1.56,20.3465,19.4879,6.8248,175444309.3917,175444309.3917
600519.SH,20251208,1418.22,0.2683,0.6177,1.29,20.5965,19.7273,6.9086,177599466.4317,177599466.4317
600519.SH,20251205,1430.01,0.2028,0.4669,0.99,20.7677,19.8913,6.966,179075893.0152,179075893.0152
600519.SH,20251204,1423.98,0.2322,0.5345,1.2,20.6801,19.8074,6.9367,178320774.0756,178320774.0756
600519.SH,20251203,1429.1,0.1882,0.4333,1.0,20.7545,19.8786,6.9616,178961936.4257,178961936.4257
600519.SH,20251202,1436.03,0.2,0.4604,1.03,20.8551,19.975,6.9954,179829759.6846,179829759.6846
600519.SH,20251201,1448.0,0.2183,0.5025,1.07,21.0289,20.1415,7.0537,181328727.132,181328727.132
600519.SH,20251128,1450.5,0.1854,0.4267,0.79,21.0653,20.1763,7.0659,181641794.6858,181641794.6858
600519.SH,20251127,1447.3,0.178,0.4097,0.75,21.0188,20.1318,7.0503,181241068.217,181241068.217
600519.SH,20251126,1449.15,0.1622,0.3733,0.67,21.0456,20.1575,7.0593,181472738.2067,181472738.2067
600519.SH,20251125,1444.65,0.2271,0.5224,0.91,20.9803,20.0949,7.0374,180909216.61,180909216.61
600519.SH,20251124,1452.0,0.2684,0.6173,1.07,21.087,20.1972,7.0732,181829635.218,181829635.218
600519.SH,20251121,1466.6,0.3402,0.7826,1.5,21.2991,20.4002,7.1443,183657949.7319,183657949.7319
600519.SH,20251120,1467.11,0.1917,0.4409,0.8,21.3065,20.4073,7.1468,183721815.5129,183721815.5129
600519.SH,20251119,1471.01,0.176,0.4049,0.69,21.3631,20.4616,7.1658,184210200.8967,184210200.8967
600519.SH,20251118,1476.0,0.2731,0.6283,1.12,21.4356,20.531,7.1901,184835083.734,184835083.734
600519.SH,20251117,1471.0,0.2752,0.633,1.03,21.363,20.4614,7.1657,184208948.6265,184208948.6265
600519.SH,20251114,1456.6,0.2194,0.5046,0.86,21.1538,20.2611,7.0956,182405679.5169,182405679.5169
600519.SH,20251113,1470.38,0.249,0.5727,0.94,21.354,20.4528,7.1627,184131307.8732,184131307.8732
600519.SH,20251112,1465.15,0.2635,0.606,0.98,21.278,20.3801,7.1372,183476370.5507,183476370.5507
600519.SH,20251111,1458.99,0.2131,0.4903,0.8,21.1886,20.2944,7.1072,182704972.0983,182704972.0983
600519.SH,20251110,1462.3,0.3949,0.9083,1.62,21.2366,20.3404,7.1233,183119473.5395,183119473.5395
600519.SH,20251107,1433.33,0.1506,0.3464,0.56,20.8159,19.9375,6.9822,179491646.7266,179491646.7266
600519.SH,20251106,1435.13,0.3062,0.7043,1.07,20.842,19.9625,6.991,179717055.3653,179717055.3653
600519.SH,20251105,1420.08,0.2753,0.6332,0.97,20.6235,19.7532,6.9177,177832388.6917,177832388.6917
600519.SH,20251104,1429.0,0.2121,0.4879,0.74,20.753,19.8772,6.9611,178949413.7235,178949413.7235
600519.SH,20251103,1435.0,0.2759,0.6345,0.95,20.8402,19.9607,6.9903,179700775.8525,179700775.8525
600519.SH,20251031,1430.01,0.285,0.6556,0.97,20.7677,19.8913,6.966,179075893.0152,179075893.0152
600519.SH,20251030,1426.74,0.379,0.8716,1.43,20.7202,19.8458,6.9501,178666400.6549,178666400.6549
600519.SH,20251029,1431.9,0.271,0.6225,1.13,20.7951,19.9379,7.7075,179312572.0859,179312572.0859
600519.SH,20251028,1445.0,0.2166,0.4976,0.91,20.9854,20.1203,7.778,180953046.0675,180953046.0675
600519.SH,20251027,1440.41,0.2963,0.6806,1.35,20.9187,20.0564,7.7533,180378254.0388,180378254.0388
600519.SH,20251024,1450.0,0.3053,0.7012,1.4,21.058,20.1899,7.8049,181579181.175,181579181.175
600519.SH,20251023,1467.98,0.2342,0.5379,0.96,21.3191,20.4403,7.9017,183830763.0216,183830763.0216
600519.SH,20251022,1458.7,0.1453,0.3338,0.51,21.1843,20.3111,7.8518,182668656.2621,182668656.2621
600519.SH,20251021,1462.26,0.2032,0.4667,0.58,21.236,20.3606,7.8709,183114464.4586,183114464.4586
600519.SH,20251020,1457.93,0.2072,0.476,0.54,21.1732,20.3004,7.8476,182572231.4555,182572231.4555
600519.SH,20251017,1455.0,0.3041,0.6986,0.8,21.1306,20.2596,7.8319,182205316.2825,182205316.2825
600519.SH,20251016,1484.91,0.3652,0.8389,0.93,21.565,20.676,7.9928,185950856.4956,185950856.4956
600519.SH,20251015,1462.0,0.3417,0.7848,0.88,21.2323,20.357,7.8695,183081905.433,183081905.433
600519.SH,20251014,1451.02,0.5324,1.223,1.45,21.0728,20.2041,7.8104,181706912.7369,181706912.7369
600519.SH,20251013,1419.2,0.3679,0.8451,1.01,20.6107,19.7611,7.6391,177722188.9128,177722188.9128
600519.SH,20251010,1430.0,0.2875,0.6604,0.79,20.7675,19.9115,7.6973,179074640.745,179074640.745
600519.SH,20251009,1436.78,0.4385,1.0074,1.35,20.866,20.0059,7.7338,179923679.9508,179923679.9508
600519.SH,20250930,1443.99,0.3143,0.7221,0.97,20.9707,20.1063,7.7726,180826566.7758,180826566.7758
600519.SH,20250929,1460.86,0.4287,0.9848,1.46,21.2157,20.3412,7.8634,182939146.6285,182939146.6285
600519.SH,20250926,1435.0,0.3603,0.8277,1.32,20.8402,19.9811,7.7242,179700775.8525,179700775.8525
600519.SH,20250925,1439.0,0.2705,0.6213,0.91,20.8982,20.0368,7.7457,180201683.9385,180201683.9385
600519.SH,20250924,1442.0,0.2455,0.564,0.83,20.9418,20.0785,7.7619,180577365.003,180577365.003
600519.SH,20250923,1447.42,0.3087,0.7092,1.07,21.0205,20.154,7.7911,181256095.4595,181256095.4595
600519.SH,20250922,1453.35,0.2791,0.6411,1.02,21.1066,20.2366,7.823,181998691.697,181998691.697
600519.SH,20250919,1467.97,0.2606,0.5987,0.95,21.319,20.4402,7.9017,183829510.7514,183829510.7514
600519.SH,20250918,1467.96,0.397,0.9121,1.56,21.3188,20.44,7.9016,183828258.4811,183828258.4811
600519.SH,20250917,1493.0,0.2422,0.5564,0.85,21.6825,20.7887,8.0364,186963943.0995,186963943.0995
600519.SH,20250916,1499.98,0.2613,0.6002,0.9,21.7838,20.8859,8.074,187838027.7096,187838027.7096
600519.SH,20250915,1515.1,0.2062,0.4738,0.62,22.0034,21.0964,8.1554,189731460.2747,189731460.2747
600519.SH,20250912,1516.0,0.2693,0.6186,0.8,22.0165,21.1089,8.1602,189844164.594,189844164.594
600519.SH,20250911,1523.5,0.2974,0.6831,0.84,22.1254,21.2134,8.2006,190783367.2553,190783367.2553
600519.SH,20250910,1522.01,0.3966,0.911,1.14,22.1038,21.1926,8.1925,190596778.9932,190596778.9932
600519.SH,20250909,1505.0,0.2854,0.6557,0.75,21.8567,20.9558,8.101,188466667.3575,188466667.3575
600519.SH,20250908,1501.23,0.4103,0.9426,1.11,21.802,20.9033,8.0807,187994561.4864,187994561.4864
600519.SH,20250905,1483.0,0.2986,0.6858,0.73,21.5372,20.6494,7.9826,185711672.8845,185711672.8845
600519.SH,20250904,1472.66,0.3813,0.8759,0.96,21.3871,20.5055,7.9269,184416825.4822,184416825.4822
600519.SH,20250903,1480.55,0.3597,0.8263,0.87,21.5017,20.6153,7.9694,185404866.6818,185404866.6818
600519.SH,20250902,1491.3,0.4527,1.0399,1.17,21.6578,20.765,8.0272,186751057.163,186751057.163
600519.SH,20250901,1476.1,0.3603,0.8276,0.86,21.437,20.5534,7.9454,184847606.4362,184847606.4362
600519.SH,20250829,1480.0,0.4956,1.1337,1.27,21.5611,20.6723,7.7905,185917274.4,185917274.4
600519.SH,20250828,1446.1,0.3127,0.7153,0.83,21.0672,20.1988,7.612,181658763.858,181658763.858
600519.SH,20250827,1448.0,0.4458,1.0199,1.24,21.0949,20.2253,7.622,181897441.44,181897441.44
600519.SH,20250826,1481.61,0.3153,0.7212,0.85,21.5845,20.6948,7.799,186119522.2458,186119522.2458
600519.SH,20250825,1490.33,0.52,1.1896,1.52,21.7116,20.8166,7.8449,187214926.7274,187214926.7274
600519.SH,20250822,1463.95,0.358,0.8189,1.03,21.3273,20.4481,7.706,183901076.931,183901076.931
600519.SH,20250821,1448.25,0.2459,0.5625,0.66,21.0985,20.2288,7.6234,181928846.385,181928846.385
600519.SH,20250820,1450.0,0.3646,0.8341,0.9,21.124,20.2533,7.6326,182148681.0,182148681.0
600519.SH,20250819,1438.0,0.3691,0.8445,0.93,20.9492,20.0856,7.5694,180641243.64,180641243.64
600519.SH,20250818,1428.5,0.3772,0.8628,0.95,20.8108,19.953,7.5194,179447855.73,179447855.73
600519.SH,20250815,1422.08,0.3788,0.8665,1.07,20.7173,19.8633,7.4856,178641376.7424,178641376.7424
600519.SH,20250814,1426.99,0.3831,0.8765,1.2,20.7888,19.9319,7.5115,179258169.8622,179258169.8622
600519.SH,20250813,1420.05,0.5216,1.1933,2.05,20.6877,19.8349,7.4749,178386368.589,178386368.589
600519.SH,20250812,1437.04,0.3345,0.7652,1.47,20.9352,20.2809,8.0702,180520648.6512,180520648.6512
600519.SH,20250811,1445.0,0.3754,0.8588,2.06,21.0512,20.3932,8.1149,181520582.1,181520582.1
600519.SH,20250808,1420.97,0.1485,0.3397,0.74,20.7011,20.0541,7.98,178501938.7866,178501938.7866
600519.SH,20250807,1422.35,0.2229,0.5099,0.94,20.7212,20.0735,7.9877,178675294.083,178675294.083
600519.SH,20250806,1423.88,0.1887,0.4316,0.75,20.7435,20.0951,7.9963,178867492.3464,178867492.3464
600519.SH,20250805,1427.74,0.2017,0.4615,0.8,20.7997,20.1496,8.018,179352384.6972,179352384.6972
600519.SH,20250804,1419.0,0.1488,0.3403,0.52,20.6724,20.0263,7.9689,178254467.82,178254467.82
600519.SH,20250801,1417.0,0.2359,0.5397,0.78,20.6433,19.998,7.9577,178003228.26,178003228.26
600519.SH,20250731,1421.67,0.4123,0.9433,1.46,20.7113,20.0639,7.9839,178589872.6326,178589872.6326
600519.SH,20250730,1449.44,0.2537,0.5803,0.84,21.1159,20.4559,8.1399,182078333.9232,182078333.9232
600519.SH,20250729,1439.0,0.2094,0.479,0.64,20.9638,20.3085,8.0813,180766863.42,180766863.42
600519.SH,20250728,1438.66,0.3072,0.7027,0.99,20.9588,20.3037,8.0793,180724152.6948,180724152.6948
600519.SH,20250725,1455.0,0.3336,0.7632,1.08,21.1969,20.5343,8.1711,182776779.9,182776779.9
600519.SH,20250724,1491.5,0.3089,0.7066,1.09,21.7286,21.0494,8.3761,187361901.87,187361901.87
600519.SH,20250723,1475.5,0.3586,0.8203,1.46,21.4955,20.8236,8.2862,185351985.39,185351985.39
600519.SH,20250722,1464.98,0.3353,0.767,1.42,21.3423,20.6752,8.2272,184030465.3044,184030465.3044
600519.SH,20250721,1443.0,0.2086,0.4772,0.88,21.0221,20.365,8.1037,181269342.54,181269342.54
600519.SH,20250718,1437.0,0.3329,0.7616,1.27,20.9347,20.2803,8.07,180515623.86,180515623.86
600519.SH,20250717,1416.35,0.1839,0.4208,0.64,20.6338,19.9889,7.9541,177921575.403,177921575.403
600519.SH,20250716,1411.03,0.1694,0.3876,0.57,20.5563,19.9138,7.9242,177253278.1734,177253278.1734
600519.SH,20250715,1411.0,0.2818,0.6448,1.04,20.5559,19.9134,7.924,177249509.58,177249509.58
600519.SH,20250714,1423.6,0.2212,0.5059,0.84,20.7394,20.0912,7.9948,178832318.808,178832318.808
600519.SH,20250711,1427.0,0.4557,1.0424,2.08,20.789,20.1392,8.0139,179259426.06,179259426.06
600519.SH,20250710,1426.5,0.3083,0.7052,1.57,20.7817,20.1321,8.0111,179196616.17,179196616.17
600519.SH,20250709,1418.88,0.2209,0.5053,1.14,20.6707,20.0246,7.9683,178239393.4464,178239393.4464
600519.SH,20250708,1416.11,0.1487,0.3401,0.76,20.6303,19.9855,7.9527,177891426.6558,177891426.6558
600519.SH,20250707,1410.7,0.1899,0.4344,0.92,20.5515,19.9091,7.9223,177211823.646,177211823.646
600519.SH,20250704,1422.22,0.229,0.5239,1.03,20.7193,20.0717,7.987,178658963.5116,178658963.5116
600519.SH,20250703,1415.6,0.1943,0.4446,0.82,20.6229,19.9783,7.9498,177827360.568,177827360.568
600519.SH,20250702,1409.6,0.2087,0.4774,0.8,20.5355,19.8936,7.9161,177073641.888,177073641.888
600519.SH,20250701,1405.1,0.1582,0.362,0.55,20.4699,19.8301,7.8909,176508352.878,176508352.878
600519.SH,20250630,1409.52,0.2425,0.5546,0.86,20.5343,19.8925,7.9157,177063592.3056,177063592.3056
600519.SH,20250627,1403.09,0.3045,0.6965,1.1,20.4406,19.8017,7.8796,176255857.1202,176255857.1202
600519.SH,20250626,1420.0,0.2775,0.6348,1.07,20.687,20.0404,7.9746,178380087.6,178380087.6
600519.SH,20250625,1435.86,0.3268,0.7475,1.34,20.918,20.2642,6.9815,180372417.3108,180372417.3108
600519.SH,20250624,1437.2,0.2891,0.6612,1.26,20.9376,20.2831,6.988,180540747.816,180540747.816
600519.SH,20250623,1420.0,0.2127,0.4866,0.83,20.687,20.0404,6.9044,178380087.6,178380087.6
600519.SH,20250620,1428.66,0.2772,0.634,0.94,20.8132,20.1626,6.9465,179467954.8948,179467954.8948
600519.SH,20250619,1426.0,0.195,0.4462,0.58,20.7744,20.1251,6.9336,179133806.28,179133806.28
600519.SH,20250618,1425.0,0.2449,0.5602,0.73,20.7598,20.1109,6.9287,179008186.5,179008186.5
600519.SH,20250617,1427.0,0.2168,0.4959,0.64,20.789,20.1392,6.9384,179259426.06,179259426.06
600519.SH,20250616,1422.29,0.3414,0.781,1.0,20.7204,20.0727,6.9155,178667756.8962,178667756.8962
600519.SH,20250613,1426.95,0.4706,1.0765,1.63,20.7882,20.1385,6.9382,179253145.071,179253145.071
600519.SH,20250612,1459.0,0.3973,0.9088,1.61,21.2552,20.5908,7.094,183279259.02,183279259.02
600519.SH,20250611,1480.0,0.2459,0.5626,1.05,21.5611,20.8872,7.1961,185917274.4,185917274.4
600519.SH,20250610,1475.01,0.2427,0.5553,1.05,21.4884,20.8167,7.1719,185290431.6978,185290431.6978
600519.SH,20250609,1486.11,0.3579,0.8187,1.71,21.6501,20.9734,7.2258,186684811.2558,186684811.2558
600519.SH,20250606,1506.39,0.1992,0.4557,0.98,21.9455,21.2596,7.3244,189232380.3942,189232380.3942
600519.SH,20250605,1514.0,0.1848,0.4227,0.96,22.0564,21.367,7.3614,190188346.92,190188346.92
600519.SH,20250604,1509.96,0.1832,0.419,0.99,21.9976,21.31,7.3418,189680843.0088,189680843.0088
600519.SH,20250603,1509.0,0.2307,0.5277,1.27,21.9836,21.2964,7.3371,189560248.02,189560248.02
600519.SH,20250530,1522.0,0.2487,0.5689,1.49,22.173,21.4799,7.4003,191193305.16,191193305.16
600519.SH,20250529,1540.0,0.174,0.3981,1.12,22.4352,21.7339,7.4878,193454461.2,193454461.2
600519.SH,20250528,1537.0,0.1295,0.2962,0.8,22.3915,21.6916,7.4733,193077601.86,193077601.86
600519.SH,20250527,1543.9,0.1413,0.3233,0.86,22.492,21.789,7.5068,193944378.342,193944378.342
600519.SH,20250526,1550.5,0.2156,0.4933,1.19,22.5882,21.8821,7.5389,194773468.89,194773468.89
600519.SH,20250523,1572.6,0.1714,0.3922,0.93,22.9101,22.194,7.6464,197549666.028,197549666.028
600519.SH,20250522,1580.0,0.1201,0.2748,0.6,23.0179,22.2984,7.6823,198479252.4,198479252.4
600519.SH,20250521,1580.97,0.1576,0.3605,0.68,23.0321,22.3121,7.6871,198601103.5866,198601103.5866
600519.SH,20250520,1586.0,0.1554,0.3555,0.67,23.1053,22.3831,7.7115,199232971.08,199232971.08
600519.SH,20250519,1578.98,0.303,0.6931,1.43,23.0031,22.284,7.6774,198351120.2244,198351120.2244
600519.SH,20250516,1614.13,0.1826,0.4177,0.86,23.5151,22.7801,7.8483,202766655.4914,202766655.4914
600519.SH,20250515,1632.01,0.1969,0.4504,0.87,23.7756,23.0325,7.9352,205012737.1578,205012737.1578
600519.SH,20250514,1634.99,0.3141,0.7186,1.51,23.819,23.0745,7.9497,205387084.1022,205387084.1022
600519.SH,20250513,1590.3,0.1692,0.3871,0.83,23.168,22.4438,7.7324,199773136.134,199773136.134
600519.SH,20250512,1604.5,0.1969,0.4504,0.96,23.3748,22.6442,7.8015,201556937.01,201556937.01
600519.SH,20250509,1591.18,0.1884,0.4311,0.96,23.1808,22.4562,7.7367,199883681.5404,199883681.5404
600519.SH,20250508,1578.19,0.2665,0.6097,1.59,22.9916,22.2729,7.6735,198251880.5982,198251880.5982
600519.SH,20250507,1555.0,0.2186,0.5001,1.49,22.6537,21.9456,7.5608,195338757.9,195338757.9
600519.SH,20250506,1550.2,0.1457,0.3333,1.03,22.5838,21.8779,7.5374,194735782.956,194735782.956
600519.SH,20250430,1547.0,0.205,0.4464,1.57,22.5372,21.8327,7.5219,194333799.66,194333799.66
600519.SH,20250429,1544.0,0.1506,0.3279,1.16,22.4935,22.4935,8.3205,193956940.32,193956940.32
600519.SH,20250428,1550.0,0.1167,0.2541,0.86,22.5809,22.5809,8.3529,194710659.0,194710659.0
600519.SH,20250425,1550.0,0.1175,0.2559,0.82,22.5809,22.5809,8.3529,194710659.0,194710659.0
600519.SH,20250424,1552.25,0.1184,0.2577,0.75,22.6136,22.6136,8.365,194993303.505,194993303.505
600519.SH,20250423,1552.0,0.1486,0.3236,0.83,22.61,22.61,8.3637,194961898.56,194961898.56
600519.SH,20250422,1548.8,0.1467,0.3195,0.8,22.5634,22.5634,8.3464,194559915.264,194559915.264
600519.SH,20250421,1551.0,0.1437,0.313,0.76,22.5954,22.5954,8.3583,194836278.78,194836278.78
600519.SH,20250418,1565.94,0.1616,0.3518,0.78,22.8131,22.8131,8.4388,196713038.2932,196713038.2932
600519.SH,20250417,1570.0,0.1898,0.4133,0.82,22.8722,22.8722,8.4607,197223054.6,197223054.6
600519.SH,20250416,1559.17,0.248,0.54,0.92,22.7145,22.7145,8.4023,195862592.3826,195862592.3826
600519.SH,20250415,1558.0,0.1711,0.3724,0.48,22.6974,22.6974,8.396,195715617.24,195715617.24
600519.SH,20250414,1551.99,0.1728,0.3763,0.36,22.6099,22.6099,8.3636,194960642.3622,194960642.3622
600519.SH,20250411,1568.98,0.2598,0.5656,0.53,22.8574,22.8574,8.4552,197094922.4244,197094922.4244
600519.SH,20250410,1549.0,0.3074,0.6693,0.67,22.5663,22.5663,8.3475,194585039.22,194585039.22
600519.SH,20250409,1541.04,0.4428,0.9641,1.11,22.4503,22.4503,8.3046,193585105.7712,193585105.7712
600519.SH,20250408,1545.0,0.5881,1.2804,1.86,22.508,22.508,8.3259,194082560.1,194082560.1
600519.SH,20250407,1500.0,0.8116,1.767,4.51,21.8525,21.8525,8.0834,188429670.0,188429670.0
600519.SH,20250403,1568.88,0.2824,0.6149,1.86,22.8559,22.8559,8.4546,197082360.4464,197082360.4464
600519.SH,20250402,1549.02,0.1725,0.3756,1.23,26.0373,23.5335,9.3683,194587551.6156,194587551.6156
600519.SH,20250401,1556.02,0.1477,0.3216,1.06,26.155,23.6398,9.4106,195466890.0756,195466890.0756
600519.SH,20250331,1561.0,0.1678,0.3654,1.15,26.2387,23.7155,9.4407,196092476.58,196092476.58
600519.SH,20250328,1585.21,0.1292,0.2813,0.74,26.6456,24.0833,9.5872,199133731.4538,199133731.4538
600519.SH,20250327,1589.0,0.1429,0.3112,0.7,26.7093,24.1409,9.6101,199609830.42,199609830.42
600519.SH,20250326,1576.0,0.114,0.2482,0.51,26.4908,23.9434,9.5315,197976773.28,197976773.28
600519.SH,20250325,1575.5,0.1407,0.3063,0.57,26.4824,23.9358,9.5284,197913963.39,197913963.39
600519.SH,20250324,1583.0,0.2035,0.4431,0.69,26.6085,24.0497,9.5738,198856111.74,198856111.74
600519.SH,20250321,1573.75,0.2676,0.5826,0.69,26.453,23.9092,9.5178,197694128.775,197694128.775
600519.SH,20250320,1604.0,0.2924,0.6367,0.79,26.9615,24.3688,9.7008,201494127.12,201494127.12
600519.SH,20250319,1635.71,0.218,0.4988,0.58,27.4945,24.8505,9.8926,205477530.3438,205477530.3438
600519.SH,20250318,1624.0,0.2517,0.5757,0.65,27.2977,24.6726,9.8217,204006522.72,204006522.72
600519.SH,20250317,1637.86,0.4354,0.9959,1.25,27.5306,24.8832,9.9056,205747612.8708,205747612.8708
600519.SH,20250314,1628.01,0.7396,1.692,2.82,27.3651,24.7335,9.846,204510258.0378,204510258.0378
600519.SH,20250313,1537.77,0.2048,0.4685,0.71,25.8482,23.3626,9.3002,193174329.0906,193174329.0906
600519.SH,20250312,1542.58,0.2357,0.5391,0.84,25.9291,23.4356,9.3293,193778560.2324,193778560.2324
600519.SH,20250311,1548.68,0.3166,0.7243,1.23,26.0316,23.5283,9.3662,194544840.8904,194544840.8904
600519.SH,20250310,1522.9,0.2497,0.5712,0.97,25.5983,23.1367,9.2103,191306362.962,191306362.962
600519.SH,20250307,1521.0,0.3024,0.6918,1.06,25.5663,23.1078,9.1988,191067685.38,191067685.38
600519.SH,20250306,1505.98,0.3357,0.7679,1.13,25.3139,22.8796,9.108,189180876.2844,189180876.2844
600519.SH,20250305,1466.37,0.1959,0.4481,0.65,24.6481,22.2778,8.8684,184205076.7986,184205076.7986
600519.SH,20250304,1470.11,0.2007,0.4591,0.66,24.7109,22.3346,8.891,184674894.7758,184674894.7758
600519.SH,20250303,1487.02,0.2515,0.5754,0.81,24.9952,22.5915,8.9933,186799125.2556,186799125.2556
600519.SH,20250228,1500.79,0.4468,1.0221,1.6,25.2266,22.8007,9.0766,188528909.6262,188528909.6262
600519.SH,20250227,1485.56,0.3961,0.9062,1.66,24.9706,22.5694,8.9845,186615720.3768,186615720.3768
600519.SH,20250226,1460.01,0.2099,0.4801,0.85,24.5412,22.1812,8.83,183406134.9978,183406134.9978
600519.SH,20250225,1454.0,0.226,0.5169,0.92,24.4401,22.0899,8.7936,182651160.12,182651160.12
600519.SH,20250224,1479.07,0.2766,0.6327,1.14,24.8615,22.4708,8.9452,185800448.0046,185800448.0046
600519.SH,20250221,1488.21,0.2899,0.6632,1.27,25.0152,22.6096,9.0005,186948612.7938,186948612.7938
600519.SH,20250220,1474.0,0.1891,0.4325,0.73,24.7763,22.3937,8.9146,185163555.72,185163555.72
600519.SH,20250219,1491.0,0.2579,0.5899,1.04,25.0621,22.652,9.0174,187299091.98,187299091.98
600519.SH,20250218,1475.0,0.2213,0.5062,0.91,24.7931,22.4089,8.9206,185289175.5,185289175.5
600519.SH,20250217,1471.62,0.2585,0.5913,1.16,24.7363,22.3576,8.9002,184864580.6436,184864580.6436
600519.SH,20250214,1475.0,0.2157,0.4935,0.9,24.7931,22.4089,8.9206,185289175.5,185289175.5
600519.SH,20250213,1465.06,0.3454,0.7901,1.61,24.6261,22.2579,8.8605,184040514.8868,184040514.8868
600519.SH,20250212,1443.0,0.2028,0.4639,0.85,24.2552,21.9228,8.7271,181269342.54,181269342.54
600519.SH,20250211,1418.0,0.1877,0.4293,0.76,23.835,21.543,8.5759,178128848.04,178128848.04
600519.SH,20250210,1431.51,0.1659,0.3795,0.63,24.0621,21.7482,8.6576,179825971.2678,179825971.2678
600519.SH,20250207,1436.0,0.2965,0.6782,1.19,24.1376,21.8164,8.6847,180390004.08,180390004.08
600519.SH,20250206,1412.84,0.2178,0.4982,0.87,23.7483,21.4646,8.5447,177480649.9752,177480649.9752
600519.SH,20250205,1403.8,0.3244,0.7422,1.53,23.5963,21.3272,8.49,176345047.164,176345047.164
600519.SH,20250127,1434.99,0.2337,0.5346,1.09,24.1206,21.8011,8.6786,180263128.1022,180263128.1022
600519.SH,20250124,1436.0,0.2496,0.5711,1.29,24.1376,21.8164,8.6847,180390004.08,180390004.08
600519.SH,20250123,1443.0,0.2159,0.494,1.12,24.2552,21.9228,8.7271,181269342.54,181269342.54
600519.SH,20250122,1441.0,0.2252,0.5152,1.27,24.2216,21.8924,8.715,181018102.98,181018102.98
600519.SH,20250121,1468.15,0.1342,0.307,0.67,24.678,22.3049,8.8792,184428680.007,184428680.007
600519.SH,20250120,1474.8,0.25,0.572,1.36,24.7898,22.4059,8.9194,185264051.544,185264051.544
600519.SH,20250117,1454.75,0.1457,0.3334,0.77,24.4528,22.1013,8.7981,182745374.955,182745374.955
600519.SH,20250116,1446.38,0.2097,0.4797,1.08,24.3121,21.9741,8.7475,181693937.3964,181693937.3964
600519.SH,20250115,1471.27,0.1465,0.3351,0.66,24.7304,22.3523,8.8981,184820613.7206,184820613.7206
600519.SH,20250114,1472.5,0.2464,0.5637,1.17,24.7511,22.371,8.9055,184975126.05,184975126.05
600519.SH,20250113,1443.98,0.1678,0.3839,0.68,24.2717,21.9377,8.733,181392449.9244,181392449.9244
600519.SH,20250110,1436.0,0.1741,0.3983,0.66,24.1376,21.8164,8.6847,180390004.08,180390004.08
600519.SH,20250109,1444.0,0.2365,0.541,0.8,24.2721,21.938,8.7331,181394962.32,181394962.32
600519.SH,20250108,1442.5,0.2807,0.6421,0.93,24.2468,21.9152,8.7241,181206532.65,181206532.65
600519.SH,20250107,1440.2,0.1928,0.4411,0.63,24.2082,21.8802,8.7102,180917607.156,180917607.156
600519.SH,20250106,1440.0,0.3523,0.8059,1.32,24.2048,21.8772,8.7089,180892483.2,180892483.2
600519.SH,20250103,1475.0,0.2597,0.5942,1.06,24.7931,22.4089,8.9206,185289175.5,185289175.5
600519.SH,20250102,1488.0,0.3983,0.911,2.07,25.0116,22.6064,8.9992,186922232.64,186922232.64
600519.SH,20241231,1524.0,0.3133,0.7167,1.9,25.6168,23.1534,9.217,191444544.72,191444544.72
600519.SH,20241230,1525.0,0.2,0.4576,1.26,25.6336,23.1686,9.223,191570164.5,191570164.5
600519.SH,20241227,1528.97,0.1653,0.378,0.97,25.7003,23.2289,9.247,192068875.0266,192068875.0266
600519.SH,20241226,1527.79,0.1456,0.333,0.8,25.6805,23.2109,9.2399,191920643.6862,191920643.6862
600519.SH,20241225,1530.0,0.1363,0.3118,0.62,25.7176,23.2445,9.2532,192198263.4,192198263.4
600519.SH,20241224,1538.82,0.176,0.4025,0.65,25.8659,23.3785,9.3066,193306229.8596,193306229.8596
600519.SH,20241223,1526.45,0.172,0.3934,0.6,25.658,23.1906,9.2318,191752313.181,191752313.181
600519.SH,20241220,1522.0,0.2242,0.5128,0.7,25.5832,23.123,9.2049,191193305.16,191193305.16
600519.SH,20241219,1551.01,0.1975,0.4518,0.57,26.0708,23.5637,8.1965,194837534.9778,194837534.9778
600519.SH,20241218,1571.5,0.3277,0.7496,0.99,26.4152,23.875,8.3047,197411484.27,197411484.27
600519.SH,20241217,1558.0,0.4312,0.9865,1.27,26.1883,23.6699,8.2334,195715617.24,195715617.24
600519.SH,20241216,1527.2,0.259,0.5925,0.81,25.6706,23.202,8.0706,191846528.016,191846528.016
600519.SH,20241213,1519.0,0.3941,0.9016,1.35,25.5327,23.0774,8.0273,190816445.82,190816445.82
600519.SH,20241212,1565.8,0.3338,0.7637,1.33,26.3194,23.7884,8.2746,196695451.524,196695451.524
600519.SH,20241211,1535.6,0.2362,0.5403,0.97,25.8118,23.3296,8.115,192901734.168,192901734.168
600519.SH,20241210,1546.59,0.4801,1.0983,2.58,25.9965,23.4966,8.1731,194282295.5502,194282295.5502
600519.SH,20241209,1518.8,0.1576,0.3606,0.8,25.5294,23.0744,8.0262,190791321.864,190791321.864
600519.SH,20241206,1521.01,0.2551,0.5835,1.25,25.5665,23.1079,8.0379,191068941.5778,191068941.5778
600519.SH,20241205,1511.0,0.1285,0.2939,0.6,25.3983,22.9559,7.985,189811487.58,189811487.58
600519.SH,20241204,1520.0,0.1904,0.4357,0.87,25.5495,23.0926,8.0326,190942065.6,190942065.6
600519.SH,20241203,1526.74,0.1975,0.4517,0.9,25.6628,23.195,8.0682,191788742.9172,191788742.9172
600519.SH,20241202,1525.0,0.2135,0.4884,0.93,25.6336,23.1686,8.059,191570164.5,191570164.5
600519.SH,20241129,1525.74,0.2873,0.6572,1.27,25.646,23.1798,8.0629,191663123.1372,191663123.1372
600519.SH,20241128,1518.0,0.1907,0.4362,0.88,25.5159,23.0622,8.022,190690826.04,190690826.04
600519.SH,20241127,1519.05,0.2064,0.4723,0.98,25.5336,23.0782,8.0276,190822726.809,190822726.809
600519.SH,20241126,1509.0,0.2049,0.4688,0.92,25.3646,22.9255,7.9745,189560248.02,189560248.02
600519.SH,20241125,1498.57,0.2642,0.6043,1.24,25.1893,22.767,7.9193,188250033.7146,188250033.7146
600519.SH,20241122,1507.82,0.2662,0.6089,1.25,25.3448,22.9076,7.9682,189412016.6796,189412016.6796
600519.SH,20241121,1545.13,0.1454,0.3326,0.63,25.9719,23.4744,8.1654,194098890.6714,194098890.6714
600519.SH,20241120,1544.81,0.1699,0.3887,0.7,25.9666,23.4695,8.1637,194058692.3418,194058692.3418
600519.SH,20241119,1541.92,0.2648,0.6058,0.99,25.918,23.4256,8.1484,193695651.1776,193695651.1776
600519.SH,20241118,1559.0,0.2157,0.4934,0.73,26.2051,23.6851,8.2387,195841237.02,195841237.02
600519.SH,20241115,1559.0,0.2688,0.6148,0.8,26.2051,23.6851,8.2387,195841237.02,195841237.02
600519.SH,20241114,1573.8,0.2328,0.5326,0.57,26.4539,23.91,8.3169,197700409.764,197700409.764
600519.SH,20241113,1578.5,0.2319,0.5304,0.55,26.5329,23.9814,8.3417,198290822.73,198290822.73
600519.SH,20241112,1577.2,0.3918,0.8964,0.94,26.511,23.9616,8.3349,198127517.016,198127517.016
600519.SH,20241111,1598.01,0.3491,0.7986,0.88,26.8608,24.2778,8.4448,200741664.6378,200741664.6378
600519.SH,20241108,1609.97,0.4838,1.1067,1.39,27.0618,24.4595,8.508,202244077.2066,202244077.2066
600519.SH,20241107,1649.14,0.595,1.361,2.14,27.7202,25.0546,8.715,207164603.9892,207164603.9892
600519.SH,20241106,1571.0,0.2996,0.6853,1.11,26.4068,23.8674,8.3021,197348674.38,197348674.38
600519.SH,20241105,1576.99,0.3633,0.8311,1.39,26.5075,23.9584,8.3338,198101136.8622,198101136.8622
600519.SH,20241104,1548.2,0.2316,0.5298,0.83,26.0235,23.521,8.1816,194484543.396,194484543.396
600519.SH,20241101,1533.75,0.257,0.5879,0.95,25.7807,23.3015,8.1052,192669337.575,192669337.575
600519.SH,20241031,1527.79,0.2385,0.5455,0.91,25.6805,23.2109,8.0737,191920643.6862,191920643.6862
600519.SH,20241030,1532.0,0.2548,0.5828,0.93,25.7512,23.2749,8.096,192449502.96,192449502.96
600519.SH,20241029,1531.62,0.3277,0.7496,1.23,25.7449,23.2691,8.094,192401767.4436,192401767.4436
600519.SH,20241028,1565.0,0.3114,0.7124,1.15,26.3059,23.7763,8.2704,196594955.7,196594955.7
600519.SH,20241025,1558.85,0.2209,0.5052,0.66,26.2026,24.3411,8.959,195822394.053,195822394.053
600519.SH,20241024,1552.2,0.1904,0.4356,0.53,26.0908,24.2373,8.9208,194987022.516,194987022.516
600519.SH,20241023,1567.5,0.3191,0.73,0.86,26.348,24.4762,9.0087,196909005.15,196909005.15
600519.SH,20241022,1543.0,0.2887,0.6605,0.75,25.9361,24.0936,8.8679,193831320.54,193831320.54
600519.SH,20241021,1528.8,0.3344,0.765,0.86,25.6975,23.8719,8.7863,192047519.664,192047519.664
600519.SH,20241018,1541.0,0.5462,1.2496,1.59,25.9025,24.0624,8.8564,193580080.98,193580080.98
600519.SH,20241017,1494.6,0.3141,0.7186,0.78,25.1226,23.3379,8.5898,187751323.188,187751323.188
600519.SH,20241016,1522.5,0.3715,0.8498,0.72,25.5916,23.7735,8.7501,191256115.05,191256115.05
600519.SH,20241015,1554.25,0.3469,0.7935,0.46,26.1252,24.2693,8.9326,195244543.065,195244543.065
600519.SH,20241014,1601.99,0.3567,0.816,0.38,26.9277,25.0147,9.207,201241631.3622,201241631.3622
600519.SH,20241011,1604.99,0.3337,0.7633,0.33,26.9781,25.0616,9.2242,201618490.7022,201618490.7022
600519.SH,20241010,1640.0,0.5939,1.3586,0.57,27.5666,25.6082,9.4254,206016439.2,206016439.2
600519.SH,20241009,1595.15,0.9568,2.1888,0.98,26.8127,24.9079,9.1676,200382392.067,200382392.067
600519.SH,20241008,1723.0,1.55,3.5457,1.88,28.9617,26.9043,9.9024,216442880.94,216442880.94
600519.SH,20240930,1748.0,1.2521,2.8644,1.94,29.382,27.2946,10.0461,219583375.44,219583375.44
600519.SH,20240927,1629.2,0.6999,1.6011,1.23,27.3851,25.4396,9.3633,204659745.576,204659745.576
600519.SH,20240926,1529.0,0.7744,1.7715,1.52,25.7008,23.875,8.7875,192072643.62,192072643.62
600519.SH,20240925,1399.0,0.5887,1.3467,1.27,23.5157,21.8451,8.0403,175742072.22,175742072.22
600519.SH,20240924,1372.6,0.7993,1.8286,2.03,23.0719,21.4329,7.8886,172425710.028,172425710.028
600519.SH,20240923,1261.54,0.3626,0.8295,0.91,21.2051,19.6987,7.2503,158474377.2612,158474377.2612
600519.SH,20240920,1263.92,0.3183,0.7281,0.86,21.2451,19.7358,7.264,158773352.3376,158773352.3376
600519.SH,20240919,1261.0,0.4775,1.0924,1.57,21.196,19.6902,7.2472,158406542.58,158406542.58
600519.SH,20240918,1266.9,0.3677,0.8411,1.33,21.2952,19.7824,7.2811,159147699.282,159147699.282
600519.SH,20240913,1304.13,0.4458,1.0199,2.19,21.921,20.3637,7.4951,163824523.6914,163824523.6914
600519.SH,20240912,1335.06,0.3817,0.8732,2.54,22.4409,20.8467,7.6729,167709943.4868,167709943.4868
600519.SH,20240911,1380.0,0.1671,0.3823,1.2,23.1963,21.5484,7.9311,173355296.4,173355296.4
600519.SH,20240910,1378.0,0.1576,0.3606,1.16,23.1627,21.5172,7.9196,173104056.84,173104056.84
600519.SH,20240909,1375.0,0.228,0.5215,1.57,23.1122,21.4703,7.9024,172727197.5,172727197.5
600519.SH,20240906,1398.0,0.0822,0.188,0.43,23.4988,21.8295,8.0346,175616452.44,175616452.44
600519.SH,20240905,1404.88,0.1155,0.2641,0.55,23.6145,21.9369,8.0741,176480716.5264,176480716.5264
600519.SH,20240904,1400.0,0.1131,0.2588,0.47,23.5325,21.8607,8.0461,175867692.0,175867692.0
600519.SH,20240903,1410.0,0.1424,0.3257,0.61,23.7006,22.0168,8.1036,177123889.8,177123889.8
600519.SH,20240902,1395.0,0.2717,0.6216,1.34,23.4484,21.7826,8.0173,175239593.1,175239593.1
600519.SH,20240830,1443.19,0.3084,0.7055,1.87,24.2584,22.5351,8.2943,181293210.2982,181293210.2982
600519.SH,20240829,1413.3,0.2187,0.5003,1.43,23.756,22.0684,8.1225,177538435.074,177538435.074
600519.SH,20240828,1389.0,0.2521,0.5766,2.0,23.3476,21.6889,7.9829,174485874.42,174485874.42
600519.SH,20240827,1404.07,0.1087,0.2487,0.81,23.6009,21.9242,8.0695,176378964.5046,176378964.5046
600519.SH,20240826,1412.0,0.1244,0.2846,0.88,23.7342,22.0481,8.115,177375129.36,177375129.36
600519.SH,20240823,1414.99,0.122,0.279,0.85,23.7844,22.0948,8.1322,177750732.5022,177750732.5022
600519.SH,20240822,1410.05,0.1554,0.3556,1.04,23.7014,22.0176,8.1038,177130170.789,177130170.789
600519.SH,20240821,1417.58,0.1201,0.2748,0.82,23.828,22.1352,8.1471,178076087.7324,178076087.7324
600519.SH,20240820,1422.72,0.148,0.3386,1.04,23.9144,22.2155,8.1767,178721773.4016,178721773.4016
600519.SH,20240819,1425.44,0.1627,0.3721,1.23,23.9601,22.2579,8.1923,179063459.2032,179063459.2032
600519.SH,20240816,1431.2,0.131,0.2996,0.85,24.0569,22.3479,8.2254,179787029.136,179787029.136
600519.SH,20240815,1426.89,0.1834,0.4195,1.17,23.9845,22.2806,8.2006,179245607.8842,179245607.8842
600519.SH,20240814,1413.3,0.1068,0.2443,0.63,23.756,22.0684,8.1225,177538435.074,177538435.074
600519.SH,20240813,1423.01,0.1298,0.297,0.7,23.9192,22.22,8.1783,178758203.1378,178758203.1378
600519.SH,20240812,1436.1,0.1085,0.2482,0.48,24.1393,22.4244,8.2536,180402566.058,180402566.058
600519.SH,20240809,1436.8,0.2399,0.5488,1.13,24.151,22.4353,8.2576,180490499.904,180490499.904
600519.SH,20240808,1430.69,0.2001,0.4576,0.9,24.0483,23.0401,8.9439,179722963.0482,179722963.0482
600519.SH,20240807,1415.5,0.1642,0.3755,0.63,23.793,22.7955,8.8489,177814798.59,177814798.59
600519.SH,20240806,1404.7,0.2185,0.4998,0.73,23.6115,22.6215,8.7814,176458104.966,176458104.966
600519.SH,20240805,1410.01,0.3004,0.6872,1.05,23.7007,22.7071,8.8146,177125145.9978,177125145.9978
600519.SH,20240802,1385.45,0.1746,0.3993,0.58,23.2879,22.3115,8.6611,174039924.201,174039924.201
600519.SH,20240801,1386.16,0.255,0.5834,0.86,23.2998,22.323,8.6655,174129114.2448,174129114.2448
600519.SH,20240731,1421.28,0.3445,0.788,1.29,23.8902,22.8886,8.885,178540880.9184,178540880.9184
600519.SH,20240730,1379.99,0.4122,0.9429,1.77,23.1961,22.2236,8.6269,173354040.2022,173354040.2022
600519.SH,20240729,1398.02,0.2457,0.5621,1.07,23.4992,22.514,8.7396,175618964.8356,175618964.8356
600519.SH,20240726,1422.19,0.2576,0.5892,1.07,23.9055,22.9032,8.8907,178655194.9182,178655194.9182
600519.SH,20240725,1430.49,0.2257,0.5162,0.94,24.045,23.0369,8.9426,179697839.0922,179697839.0922
600519.SH,20240724,1440.02,0.192,0.4393,0.75,24.2052,23.1903,9.0022,180894995.5956,180894995.5956
600519.SH,20240723,1455.0,0.2463,0.5635,1.02,24.457,23.4316,9.0958,182776779.9,182776779.9
600519.SH,20240722,1499.0,0.2272,0.5198,1.01,25.1965,24.1402,9.3709,188304050.22,188304050.22
600519.SH,20240719,1525.62,0.31,0.7092,1.54,25.644,24.5689,9.5373,191648048.7636,191648048.7636
600519.SH,20240718,1497.51,0.2298,0.5257,1.14,25.1715,24.1162,9.3616,188116876.7478,188116876.7478
600519.SH,20240717,1501.4,0.2731,0.6248,1.48,25.2369,24.1788,9.3859,188605537.692,188605537.692
600519.SH,20240716,1476.0,0.1617,0.37,0.79,24.8099,23.7698,9.2271,185414795.28,185414795.28
600519.SH,20240715,1474.9,0.1527,0.3492,0.64,24.7915,23.7521,9.2202,185276613.522,185276613.522
600519.SH,20240712,1478.82,0.1862,0.4259,0.71,24.8573,23.8152,9.2448,185769043.0596,185769043.0596
600519.SH,20240711,1462.09,0.231,0.5285,0.91,24.5761,23.5458,9.1402,183667424.1402,183667424.1402
600519.SH,20240710,1437.59,0.1892,0.4327,0.71,24.1643,23.1512,8.987,180589739.5302,180589739.5302
600519.SH,20240709,1438.03,0.2676,0.6122,0.9,24.1717,23.1583,8.9898,180645012.2334,180645012.2334
600519.SH,20240708,1420.0,0.3147,0.7198,1.11,23.8686,22.8679,8.877,178380087.6,178380087.6
600519.SH,20240705,1453.0,0.3091,0.7071,1.09,24.4233,23.3994,9.0833,182525540.34,182525540.34
600519.SH,20240704,1485.74,0.1941,0.444,0.65,24.9737,23.9266,9.288,186638331.9372,186638331.9372
600519.SH,20240703,1500.0,0.2513,0.575,0.85,25.2134,24.1563,9.3772,188429670.0,188429670.0
600519.SH,20240702,1490.7,0.4128,0.9443,1.48,25.057,24.0065,9.319,187261406.046,187261406.046
600519.SH,20240701,1440.38,0.256,0.5857,0.78,24.2112,23.1961,9.0044,180940218.7164,180940218.7164
600519.SH,20240628,1467.39,0.3071,0.7026,0.91,24.6652,23.6311,9.1733,184333208.9742,184333208.9742
600519.SH,20240627,1490.49,0.2613,0.5977,0.81,25.0535,24.0031,9.3177,187235025.8922,187235025.8922
600519.SH,20240626,1489.22,0.2354,0.5385,0.69,25.0322,23.9827,9.3098,187075488.7716,187075488.7716
600519.SH,20240625,1486.65,0.3351,0.7666,0.98,24.989,23.9413,9.2937,186752645.937,186752645.937
600519.SH,20240624,1476.55,0.5082,1.1626,1.61,24.8192,23.7786,9.2306,185483886.159,185483886.159
600519.SH,20240621,1471.0,0.3448,0.7889,1.01,24.7259,23.6893,9.1959,184786696.38,184786696.38
600519.SH,20240620,1500.1,0.1967,0.45,0.55,25.215,24.1579,9.3778,188442231.978,188442231.978
600519.SH,20240619,1501.0,0.3285,0.7514,0.94,25.2302,24.1724,9.3834,188555289.78,188555289.78
600519.SH,20240618,1521.5,0.3284,0.7513,0.83,25.5747,24.5025,7.9727,191130495.27,191130495.27
600519.SH,20240617,1541.5,0.3846,0.8799,1.04,25.9109,24.8246,8.0775,193642890.87,193642890.87
600519.SH,20240614,1555.0,0.4738,1.0838,1.5,26.1378,25.042,8.1482,195338757.9,195338757.9
600519.SH,20240613,1555.01,0.2881,0.659,1.0,26.138,25.0422,8.1483,195340014.0978,195340014.0978
600519.SH,20240612,1571.68,0.2641,0.604,0.98,26.4182,25.3106,8.2356,197434095.8304,197434095.8304
600519.SH,20240611,1569.0,0.5592,1.2792,2.72,26.3732,25.2675,8.2216,197097434.82,197097434.82
600519.SH,20240607,1619.18,0.2669,0.6105,1.43,27.2166,26.0756,8.4845,203401035.3804,203401035.3804
600519.SH,20240606,1639.81,0.2039,0.4664,1.03,27.5634,26.4078,8.5926,205992571.4418,205992571.4418
600519.SH,20240605,1644.0,0.1517,0.347,0.76,27.6338,26.4753,8.6146,206518918.32,206518918.32
600519.SH,20240604,1653.2,0.1659,0.3795,0.82,27.7885,26.6234,8.6628,207674620.296,207674620.296
600519.SH,20240603,1639.39,0.2409,0.5511,1.24,27.5563,26.401,8.5904,205939811.1342,205939811.1342
600519.SH,20240531,1648.45,0.174,0.398,0.91,27.7086,26.5469,8.6379,207077926.341,207077926.341
600519.SH,20240530,1649.0,0.2564,0.5865,1.5,27.7179,26.5558,8.6408,207147017.22,207147017.22
600519.SH,20240529,1674.0,0.1564,0.3579,0.91,28.1381,26.9584,8.7718,210287511.72,210287511.72
600519.SH,20240528,1664.64,0.1872,0.4283,1.17,27.9808,26.8077,8.7227,209111710.5792,209111710.5792
600519.SH,20240527,1670.12,0.1998,0.457,1.17,28.0729,26.8959,8.7515,209800106.9736,209800106.9736
600519.SH,20240524,1677.08,0.1609,0.3682,0.87,28.1899,27.008,8.7879,210674420.6424,210674420.6424
600519.SH,20240523,1692.01,0.1503,0.3439,0.75,28.4408,27.2484,8.8662,212549923.9578,212549923.9578
600519.SH,20240522,1697.71,0.1615,0.3694,0.83,28.5366,27.3402,8.896,213265956.7038,213265956.7038
600519.SH,20240521,1705.0,0.1297,0.2967,0.64,28.6592,27.4576,8.9342,214181724.9,214181724.9
600519.SH,20240520,1709.0,0.2502,0.5723,1.18,28.7264,27.522,8.9552,214684204.02,214684204.02
600519.SH,20240517,1715.0,0.2302,0.5267,1.11,28.8273,27.6187,8.9866,215437922.7,215437922.7
600519.SH,20240516,1704.5,0.2363,0.5405,1.2,28.6508,27.4496,8.9316,214118915.01,214118915.01
600519.SH,20240515,1700.0,0.1253,0.2866,0.64,28.5751,27.3771,8.908,213553626.0,213553626.0
600519.SH,20240514,1701.98,0.1694,0.3874,0.84,28.6084,27.409,8.9184,213802353.1644,213802353.1644
600519.SH,20240513,1706.0,0.2998,0.6858,1.27,28.676,27.4737,8.9395,214307344.68,214307344.68
600519.SH,20240510,1738.98,0.2086,0.4772,0.86,29.2303,28.0048,9.1123,218450285.0244,218450285.0244
600519.SH,20240509,1756.0,0.1782,0.4077,0.65,29.5164,28.2789,9.2015,220588333.68,220588333.68
600519.SH,20240508,1763.97,0.1176,0.269,0.39,29.6504,28.4073,9.2432,221589523.3266,221589523.3266
600519.SH,20240507,1770.0,0.1984,0.4539,0.7,29.7518,28.5044,9.2748,222347010.6,222347010.6
600519.SH,20240506,1760.2,0.4769,1.091,2.22,29.587,28.3466,9.2235,221115936.756,221115936.756
600519.SH,20240430,1705.0,0.2449,0.5602,1.19,28.6592,27.4576,8.9342,214181724.9,214181724.9
600519.SH,20240429,1704.0,0.329,0.7527,1.76,28.6424,27.4415,8.929,214056105.12,214056105.12
600519.SH,20240426,1709.43,0.2467,0.5644,1.41,28.7336,28.7336,9.9569,214738220.5254,214738220.5254
600519.SH,20240425,1693.04,0.1152,0.2636,0.59,28.4581,28.4581,9.8614,212679312.3312,212679312.3312
600519.SH,20240424,1693.6,0.136,0.3112,0.66,28.4676,28.4676,9.8647,212749659.408,212749659.408
600519.SH,20240423,1692.28,0.1989,0.4549,0.95,28.4454,28.4454,9.857,212583841.2984,212583841.2984
600519.SH,20240422,1675.06,0.2384,0.5454,1.09,28.1559,28.1559,9.7567,210420668.6868,210420668.6868
600519.SH,20240419,1646.64,0.1871,0.4279,0.84,27.6782,27.6782,9.5911,206850554.5392,206850554.5392
600519.SH,20240418,1670.78,0.2115,0.4838,0.97,28.084,28.084,9.7317,209883016.0284,209883016.0284
600519.SH,20240417,1667.0,0.1976,0.452,0.89,28.0204,28.0204,9.7097,209408173.26,209408173.26
600519.SH,20240416,1670.0,0.2091,0.4783,0.95,28.0709,28.0709,9.7272,209785032.6,209785032.6
600519.SH,20240415,1672.98,0.2851,0.6523,1.11,28.121,28.121,9.7446,210159379.5444,210159379.5444
600519.SH,20240412,1634.03,0.2129,0.487,0.81,27.4663,27.4663,9.5177,205266489.1134,205266489.1134
600519.SH,20240411,1648.0,0.1812,0.4146,0.68,27.7011,27.7011,9.5991,207021397.44,207021397.44
600519.SH,20240410,1647.98,0.22,0.5032,0.83,27.7007,27.7007,9.5989,207018885.0444,207018885.0444
600519.SH,20240409,1662.22,0.2037,0.466,0.83,27.9401,27.9401,9.6819,208807710.7116,208807710.7116
600519.SH,20240408,1666.66,0.471,1.0774,2.47,28.0147,28.0147,9.7077,209365462.5348,209365462.5348
600519.SH,20240403,1715.11,0.2312,0.5289,1.33,28.8291,28.8291,9.9899,215451740.8758,215451740.8758
600519.SH,20240402,1713.99,0.2026,0.4634,1.14,34.3309,30.2434,11.1095,215311046.7222,215311046.7222
600519.SH,20240401,1721.33,0.216,0.4941,1.25,34.4779,30.3729,11.1571,216233095.9074,216233095.9074
600519.SH,20240329,1702.9,0.1071,0.245,0.56,34.1087,30.0477,11.0376,213917923.362,213917923.362
600519.SH,20240328,1701.64,0.1962,0.4487,1.09,34.0835,30.0254,11.0295,213759642.4392,213759642.4392
600519.SH,20240327,1701.0,0.1442,0.3298,0.82,34.0707,30.0141,11.0253,213679245.78,213679245.78
600519.SH,20240326,1709.29,0.2234,0.5111,1.33,34.2367,30.1604,11.0791,214720633.7562,214720633.7562
600519.SH,20240325,1689.01,0.1948,0.4457,1.14,33.8305,29.8026,10.9476,212173064.6178,212173064.6178
600519.SH,20240322,1701.35,0.2026,0.4636,1.28,34.0777,30.0203,11.0276,213723212.703,213723212.703
600519.SH,20240321,1709.0,0.1321,0.3022,0.81,34.2309,30.1553,11.0772,214684204.02,214684204.02
600519.SH,20240320,1709.6,0.1214,0.2777,0.67,34.2429,30.1659,11.0811,214759575.888,214759575.888
600519.SH,20240319,1708.02,0.1906,0.4361,0.83,34.2113,30.138,11.0708,214561096.6356,214561096.6356
600519.SH,20240318,1708.26,0.2074,0.4745,0.88,34.2161,30.1422,11.0724,214591245.3828,214591245.3828
600519.SH,20240315,1717.49,0.142,0.3248,0.59,34.401,30.3051,11.1322,215750715.9522,215750715.9522
600519.SH,20240314,1716.63,0.1545,0.3534,0.63,34.3838,30.2899,11.1266,215642682.9414,215642682.9414
600519.SH,20240313,1727.45,0.211,0.4826,0.88,34.6005,30.4809,11.1968,217001888.961,217001888.961
600519.SH,20240312,1745.0,0.4317,0.9875,2.05,34.952,30.7905,11.3105,219206516.1,219206516.1
600519.SH,20240311,1694.49,0.238,0.5444,1.16,33.9403,29.8993,10.9831,212861461.0122,212861461.0122
600519.SH,20240308,1671.43,0.1764,0.4035,0.83,33.4784,29.4924,10.8337,209964668.8854,209964668.8854
600519.SH,20240307,1683.63,0.1719,0.3933,0.79,33.7228,29.7077,10.9127,211497230.2014,211497230.2014
600519.SH,20240306,1680.55,0.1763,0.4032,0.76,33.6611,29.6533,10.8928,211110321.279,211110321.279
600519.SH,20240305,1695.1,0.2885,0.6599,1.37,33.9525,29.91,10.9871,212938089.078,212938089.078
600519.SH,20240304,1676.3,0.2108,0.4823,1.0,33.576,29.5783,10.8652,210576437.214,210576437.214
600519.SH,20240301,1685.06,0.2139,0.4893,1.01,33.7514,29.7329,10.922,211676866.4868,211676866.4868
600519.SH,20240229,1695.0,0.1971,0.4509,0.94,33.9505,29.9083,10.9864,212925527.1,212925527.1
600519.SH,20240228,1681.55,0.2537,0.5803,1.09,33.6811,29.671,10.8993,211235941.059,211235941.059
600519.SH,20240227,1689.5,0.1758,0.4021,0.7,33.8403,29.8112,10.9508,212234618.31,212234618.31
600519.SH,20240226,1694.98,0.2175,0.4975,0.81,33.9501,29.9079,10.9863,212923014.7044,212923014.7044
600519.SH,20240223,1714.09,0.2174,0.4973,0.73,34.3329,30.2451,11.1102,215323608.7002,215323608.7002
600519.SH,20240222,1718.38,0.1814,0.4151,0.53,34.4188,30.3208,11.138,215862517.5564,215862517.5564
600519.SH,20240221,1717.66,0.3674,0.8405,1.03,34.4044,30.3081,11.1333,215772071.3148,215772071.3148
600519.SH,20240220,1670.0,0.2744,0.6277,0.71,33.4498,29.4672,10.8244,209785032.6,209785032.6
600519.SH,20240219,1695.43,0.2944,0.6734,0.76,33.9591,29.9159,10.9892,212979543.6054,212979543.6054
600519.SH,20240208,1706.0,0.3722,0.8515,1.04,34.1708,30.1024,11.0577,214307344.68,214307344.68
600519.SH,20240207,1710.99,0.4187,0.9579,1.31,34.2708,30.1904,11.0901,214934187.3822,214934187.3822
600519.SH,20240206,1676.0,0.4177,0.9555,1.46,33.5699,29.573,10.8633,210538751.28,210538751.28
600519.SH,20240205,1630.01,0.4229,0.9675,1.68,32.6488,28.7615,10.5652,204761497.5978,204761497.5978
600519.SH,20240202,1596.0,0.3135,0.7172,1.35,31.9676,28.1614,10.3447,200489168.88,200489168.88
600519.SH,20240201,1610.03,0.2108,0.4823,0.88,32.2486,28.409,10.4357,202251614.3934,202251614.3934
600519.SH,20240131,1604.91,0.236,0.5399,0.96,32.146,28.3186,10.4025,201608441.1198,201608441.1198
600519.SH,20240130,1613.0,0.2457,0.5621,0.98,32.3081,28.4614,10.4549,202624705.14,202624705.14
600519.SH,20240129,1650.0,0.2501,0.5722,0.91,33.0492,29.1143,10.6948,207272637.0,207272637.0
600519.SH,20240126,1637.32,0.2146,0.4909,0.7,32.7952,28.8905,10.6126,205679778.1896,205679778.1896
600519.SH,20240125,1638.0,0.2484,0.5683,0.7,32.8088,28.9025,10.617,205765199.64,205765199.64
600519.SH,20240124,1626.0,0.2644,0.6049,0.69,32.5685,28.6908,10.5392,204257762.28,204257762.28
600519.SH,20240123,1619.0,0.2773,0.6344,0.75,32.4282,28.5673,10.4938,203378423.82,203378423.82
600519.SH,20240122,1642.0,0.3737,0.8549,1.16,32.8889,28.9731,10.6429,206267678.76,206267678.76
600519.SH,20240119,1635.0,0.3692,0.8446,1.38,32.7487,28.8496,10.5975,205388340.3,205388340.3
600519.SH,20240118,1610.87,0.4811,1.1006,2.45,32.2654,28.4238,10.4411,202357135.0086,202357135.0086
600519.SH,20240117,1577.0,0.411,0.9403,2.9,31.587,27.8262,10.2216,198102393.06,198102393.06
600519.SH,20240116,1639.43,0.2062,0.4717,1.48,32.8375,28.9277,10.6262,205944835.9254,205944835.9254
600519.SH,20240115,1640.0,0.1421,0.3251,0.94,32.8489,28.9378,10.6299,206016439.2,206016439.2
600519.SH,20240112,1643.06,0.0924,0.2113,0.56,32.9102,28.9918,10.6498,206400835.7268,206400835.7268
600519.SH,20240111,1646.57,0.1309,0.2994,0.75,32.9805,29.0537,10.6725,206841761.1546,206841761.1546
600519.SH,20240110,1641.5,0.1381,0.316,0.77,32.8789,28.9643,10.6397,206204868.87,206204868.87
600519.SH,20240109,1641.0,0.1943,0.4446,1.02,32.8689,28.9554,10.6364,206142058.98,206142058.98
600519.SH,20240108,1643.99,0.2037,0.4659,1.05,32.9288,29.0082,10.6558,206517662.1222,206517662.1222
600519.SH,20240105,1663.36,0.1611,0.3686,0.72,33.3168,29.35,10.7814,208950917.2608,208950917.2608
600519.SH,20240104,1669.0,0.1716,0.3925,0.8,33.4297,29.4495,10.8179,209659412.82,209659412.82
600519.SH,20240103,1694.0,0.161,0.3684,0.78,33.9305,29.8906,10.98,212799907.32,212799907.32
600519.SH,20240102,1685.01,0.256,0.5856,1.47,33.7504,29.732,10.9217,211670585.4978,211670585.4978
600519.SH,20231229,1726.0,0.2192,0.5015,1.33,34.5714,30.4553,11.1874,216819740.28,216819740.28
600519.SH,20231228,1724.99,0.3052,0.6982,2.04,34.5512,30.4374,11.1808,216692864.3022,216692864.3022
600519.SH,20231227,1667.06,0.1278,0.2924,0.79,33.3909,29.4153,10.8053,209415710.4468,209415710.4468
600519.SH,20231226,1670.0,0.1176,0.269,0.68,33.4498,29.4672,10.8244,209785032.6,209785032.6
600519.SH,20231225,1672.0,0.0993,0.2271,0.54,33.4898,29.5024,10.8374,210036272.16,210036272.16
600519.SH,20231222,1670.65,0.1725,0.3946,0.83,33.4628,29.4786,10.8286,209866685.457,209866685.457
600519.SH,20231221,1670.0,0.2309,0.5283,1.01,33.4498,29.4672,10.8244,209785032.6,209785032.6
600519.SH,20231220,1649.79,0.1838,0.4205,0.73,33.045,29.1105,10.6934,207246256.8462,207246256.8462
600519.SH,20231219,1675.0,0.1768,0.4044,0.71,33.5499,29.5554,9.6605,210413131.5,210413131.5
600519.SH,20231218,1662.0,0.1584,0.3623,0.57,33.2895,29.326,9.5855,208780074.36,208780074.36
600519.SH,20231215,1645.0,0.2953,0.6755,1.13,32.949,29.026,9.4874,206644538.1,206644538.1
600519.SH,20231214,1635.9,0.3238,0.7407,1.37,32.7667,28.8655,9.435,205501398.102,205501398.102
600519.SH,20231213,1660.0,0.3088,0.7064,1.46,33.2495,29.2907,9.5739,208528834.8,208528834.8
600519.SH,20231212,1709.99,0.1673,0.3826,0.74,34.2508,30.1728,9.8623,214808567.6022,214808567.6022
600519.SH,20231211,1698.0,0.2932,0.6707,1.49,34.0106,29.9612,9.7931,213302386.44,213302386.44
600519.SH,20231208,1704.92,0.2093,0.4787,1.01,34.1492,30.0833,9.833,214171675.3176,214171675.3176
600519.SH,20231207,1700.0,0.1993,0.456,0.99,34.0507,29.9965,9.8046,213553626.0,213553626.0
600519.SH,20231206,1703.0,0.1899,0.4343,0.99,34.1107,30.0494,9.8219,213930485.34,213930485.34
600519.SH,20231205,1709.0,0.238,0.5445,1.43,34.2309,30.1553,9.8566,214684204.02,214684204.02
600519.SH,20231204,1750.71,0.1468,0.3358,0.9,35.0664,30.8913,10.0971,219923805.0438,219923805.0438
600519.SH,20231201,1760.28,0.2631,0.6019,2.01,35.2581,31.0601,10.1523,221125986.3384,221125986.3384
600519.SH,20231130,1791.5,0.17,0.3889,1.47,35.8834,31.611,10.3324,225047835.87,225047835.87
600519.SH,20231129,1774.71,0.1365,0.3123,1.26,35.5471,31.3148,10.2355,222938679.7638,222938679.7638
600519.SH,20231128,1769.04,0.1156,0.2644,0.87,35.4335,31.2147,10.2028,222226415.6112,222226415.6112
600519.SH,20231127,1763.0,0.1294,0.2961,0.95,35.3125,31.1081,10.168,221467672.14,221467672.14
600519.SH,20231124,1777.0,0.1042,0.2383,0.69,35.593,31.3552,10.2487,223226349.06,223226349.06
600519.SH,20231123,1786.0,0.0919,0.2103,0.6,35.7732,31.514,10.3006,224356927.08,224356927.08
600519.SH,20231122,1781.51,0.1008,0.2306,0.62,35.6833,31.4347,10.2747,223792894.2678,223792894.2678
600519.SH,20231121,1790.0,0.2396,0.5481,1.79,35.8533,31.5846,10.3237,224859406.2,224859406.2
600519.SH,20231120,1762.5,0.1481,0.3389,1.11,35.3025,31.0993,10.1651,221404862.25,221404862.25
600519.SH,20231117,1753.42,0.1729,0.3954,1.38,35.1207,30.9391,10.1127,220264234.6476,220264234.6476
600519.SH,20231116,1760.05,0.1,0.2287,0.8,35.2534,31.0561,10.151,221097093.789,221097093.789
600519.SH,20231115,1772.93,0.1468,0.3357,1.23,35.5114,31.2834,10.2253,222715076.5554,222715076.5554
600519.SH,20231114,1765.27,0.102,0.2334,0.78,35.358,31.1482,10.1811,221752829.0406,221752829.0406
600519.SH,20231113,1764.0,0.1462,0.3345,1.03,35.3326,31.1258,10.1738,221593291.92,221593291.92
600519.SH,20231110,1775.84,0.1311,0.2998,0.8,35.5697,31.3347,10.242,223080630.1152,223080630.1152
600519.SH,20231109,1794.11,0.1019,0.2331,0.54,35.9357,31.6571,10.3474,225375703.4958,225375703.4958
600519.SH,20231108,1798.34,0.1158,0.2649,0.37,36.0204,31.7317,10.3718,225907075.1652,225907075.1652
600519.SH,20231107,1791.17,0.1559,0.3566,0.5,35.8768,31.6052,10.3305,225006381.3426,225006381.3426
600519.SH,20231106,1812.0,0.2032,0.4648,0.65,36.294,31.9727,10.4506,227623041.36,227623041.36
600519.SH,20231103,1811.24,0.2402,0.5495,0.76,36.2788,31.9593,10.4462,227527570.3272,227527570.3272
600519.SH,20231102,1779.5,0.2222,0.5082,0.72,35.643,31.3993,10.2632,223540398.51,223540398.51
600519.SH,20231101,1780.99,0.7415,1.6962,3.41,35.6729,31.4256,10.2717,223727571.9822,223727571.9822
600519.SH,20231031,1684.58,0.1581,0.3616,0.68,33.7418,29.7244,9.7157,211616568.9924,211616568.9924
600519.SH,20231030,1681.0,0.1917,0.4386,0.81,33.6701,29.6612,9.6951,211166850.18,211166850.18
600519.SH,20231027,1676.71,0.2727,0.6239,1.08,33.5842,29.5855,9.6703,210627941.3238,210627941.3238
600519.SH,20231026,1672.23,0.1782,0.4077,0.53,33.4944,29.5065,9.6445,210065164.7094,210065164.7094
600519.SH,20231025,1677.5,0.288,0.6588,0.93,33.6,29.5995,9.6749,210727180.95,210727180.95
600519.SH,20231024,1642.95,0.2377,0.5438,0.83,32.908,28.9899,9.4756,206387017.551,206387017.551
600519.SH,20231023,1643.98,0.2009,0.4595,0.72,32.9286,29.008,9.4816,206516405.9244,206516405.9244
600519.SH,20231020,1645.0,0.3612,0.8263,1.47,32.949,29.9907,10.2851,206644538.1,206644538.1
600519.SH,20231019,1630.0,0.585,1.3383,3.83,32.6486,29.7172,10.1913,204760241.4,204760241.4
600519.SH,20231018,1728.0,0.1617,0.37,1.04,34.6115,31.5039,10.8041,217070979.84,217070979.84
600519.SH,20231017,1726.0,0.119,0.2722,0.73,34.5714,31.4674,10.7916,216819740.28,216819740.28
600519.SH,20231016,1729.9,0.1655,0.3786,0.93,34.6496,31.5385,10.8159,217309657.422,217309657.422
600519.SH,20231013,1751.0,0.1992,0.4558,1.17,35.0722,31.9232,10.9479,219960234.78,219960234.78
600519.SH,20231012,1786.0,0.1183,0.2707,0.66,35.7732,32.5613,11.1667,224356927.08,224356927.08
600519.SH,20231011,1778.5,0.1747,0.3996,1.02,35.623,32.4246,11.1198,223414778.73,223414778.73
600519.SH,20231010,1770.0,0.1615,0.3694,1.0,35.4527,32.2696,11.0667,222347010.6,222347010.6
600519.SH,20231009,1777.0,0.2369,0.542,1.41,35.593,32.3972,11.1104,223226349.06,223226349.06
600519.SH,20230928,1798.55,0.1635,0.374,0.98,36.0246,32.7901,11.2452,225933455.319,225933455.319
600519.SH,20230927,1814.0,0.1662,0.3802,1.09,36.3341,33.0718,11.3418,227874280.92,227874280.92
600519.SH,20230926,1816.0,0.1255,0.287,0.83,36.3741,33.1082,11.3543,228125520.48,228125520.48
600519.SH,20230925,1832.38,0.1113,0.2546,0.61,36.7022,33.4069,11.4567,230183172.4764,230183172.4764
600519.SH,20230922,1849.0,0.2738,0.6263,1.59,37.0351,33.7099,11.5606,232270973.22,232270973.22
600519.SH,20230921,1798.39,0.1551,0.3549,0.92,36.0214,32.7872,11.2442,225913356.1542,225913356.1542
600519.SH,20230920,1824.0,0.0995,0.2277,0.55,36.5344,33.2541,11.4043,229130478.72,229130478.72
600519.SH,20230919,1826.94,0.1193,0.273,0.68,36.5932,33.3077,11.4227,229499800.8732,229499800.8732
600519.SH,20230918,1829.2,0.2592,0.5929,1.74,36.6385,33.3489,11.4368,229783701.576,229783701.576
600519.SH,20230915,1781.99,0.2263,0.5177,1.84,35.6929,32.4882,11.1416,223853191.7622,223853191.7622
600519.SH,20230914,1818.69,0.1393,0.3188,1.14,36.428,33.1573,11.3711,228463437.6882,228463437.6882
600519.SH,20230913,1819.91,0.1552,0.3551,1.43,36.4524,33.1795,11.3787,228616693.8198,228616693.8198
600519.SH,20230912,1819.96,0.0969,0.2216,0.85,36.4534,33.1804,11.379,228622974.8088,228622974.8088
600519.SH,20230911,1822.17,0.1268,0.29,1.0,36.4977,33.2207,11.3928,228900594.5226,228900594.5226
600519.SH,20230908,1818.5,0.0972,0.2224,0.76,36.4242,33.1538,11.3699,228439569.93,228439569.93
600519.SH,20230907,1838.0,0.1352,0.3092,1.08,36.8148,33.5093,11.4918,230889155.64,230889155.64
600519.SH,20230906,1861.0,0.0885,0.2025,0.64,37.2755,33.9287,11.6356,233778410.58,233778410.58
600519.SH,20230905,1858.7,0.1247,0.2852,0.78,37.2294,33.8867,11.6212,233489485.086,233489485.086
600519.SH,20230904,1866.0,0.19,0.4347,1.01,37.3756,34.0198,11.6669,234406509.48,234406509.48
600519.SH,20230901,1851.05,0.1046,0.2394,0.53,37.0762,33.7472,11.5734,232528493.769,232528493.769
600519.SH,20230831,1847.0,0.118,0.2699,0.55,36.995,33.6734,11.5481,232019733.66,232019733.66
600519.SH,20230830,1856.0,0.1577,0.3608,0.73,37.1753,33.8375,11.6044,233150311.68,233150311.68
600519.SH,20230829,1851.33,0.2305,0.5272,1.09,37.0818,33.7524,11.5752,232563667.3074,232563667.3074
600519.SH,20230828,1834.97,0.3268,0.7476,1.86,36.7541,33.4541,11.4729,230508527.7066,230508527.7066
600519.SH,20230825,1824.98,0.1499,0.3429,0.87,36.554,33.272,11.4104,229253586.1044,229253586.1044
600519.SH,20230824,1816.3,0.2074,0.4745,1.31,36.3801,33.1137,11.3561,228163206.414,228163206.414
600519.SH,20230823,1774.0,0.1585,0.3626,1.07,35.5329,32.3425,11.0917,222849489.72,222849489.72
600519.SH,20230822,1788.0,0.2122,0.4853,1.64,35.8133,32.5978,11.1792,224608166.64,224608166.64
600519.SH,20230821,1791.0,0.1505,0.3444,1.1,35.8734,32.6525,11.198,224985025.98,224985025.98
600519.SH,20230818,1802.59,0.1355,0.31,0.89,36.1055,32.8638,11.2704,226440959.2302,226440959.2302
600519.SH,20230817,1828.05,0.1376,0.3149,0.89,36.6155,33.3279,11.4296,229639238.829,229639238.829
600519.SH,20230816,1820.0,0.105,0.2401,0.64,36.4542,33.1812,11.3793,228627999.6,228627999.6
600519.SH,20230815,1812.98,0.118,0.2698,0.7,36.3136,33.0532,11.3354,227746148.7444,227746148.7444
600519.SH,20230814,1803.0,0.1889,0.4322,1.13,36.1137,32.8712,11.273,226492463.34,226492463.34
600519.SH,20230811,1834.0,0.2132,0.4878,1.3,36.7347,33.4364,11.4668,230386676.52,230386676.52
600519.SH,20230810,1875.0,0.1468,0.3357,0.87,37.5559,34.1839,11.7232,235537087.5,235537087.5
600519.SH,20230809,1890.28,0.1475,0.3373,0.87,37.8619,34.4625,11.8187,237456557.7384,237456557.7384
600519.SH,20230808,1890.0,0.1412,0.323,0.82,37.8563,34.4574,11.8169,237421384.2,237421384.2
600519.SH,20230807,1887.93,0.1902,0.4351,0.92,37.8149,34.4196,11.804,237161351.2554,237161351.2554
600519.SH,20230804,1893.47,0.1956,0.4475,0.86,37.9258,34.5206,11.8386,237857284.8366,237857284.8366
600519.SH,20230803,1878.47,0.1715,0.3923,0.76,37.6254,34.2472,11.7449,235972988.1366,235972988.1366
600519.SH,20230802,1880.0,0.1473,0.3371,0.64,37.656,35.6388,12.7158,236165186.4,236165186.4
600519.SH,20230801,1889.0,0.1531,0.3502,0.57,37.8363,35.8094,12.7766,237295764.42,237295764.42
600519.SH,20230731,1880.58,0.3612,0.8264,1.6,37.6676,35.6498,12.7197,236238045.8724,236238045.8724
600519.SH,20230728,1897.0,0.3106,0.7105,1.37,37.9965,35.961,12.8307,238300722.66,238300722.66
600519.SH,20230727,1838.03,0.1619,0.3704,0.73,36.8154,34.8432,12.4319,230892924.2334,230892924.2334
600519.SH,20230726,1828.55,0.1561,0.3571,0.75,36.6255,34.6634,12.3678,229702048.719,229702048.719
600519.SH,20230725,1828.55,0.343,0.7846,2.09,36.6255,34.6634,12.3678,229702048.719,229702048.719
600519.SH,20230724,1771.15,0.1569,0.359,1.01,35.4758,33.5753,11.9795,222491473.347,222491473.347
600519.SH,20230721,1771.3,0.3135,0.7171,2.56,35.4788,33.5782,11.9805,222510316.314,222510316.314
600519.SH,20230720,1724.0,0.1329,0.304,0.97,34.5314,32.6815,11.6606,216568500.72,216568500.72
600519.SH,20230719,1723.0,0.0994,0.2273,0.72,34.5113,32.6626,11.6539,216442880.94,216442880.94
600519.SH,20230718,1722.8,0.1173,0.2684,0.87,34.5073,32.6588,11.6525,216417756.984,216417756.984
600519.SH,20230717,1729.97,0.1141,0.2611,0.86,34.651,32.7947,11.701,217318450.8066,217318450.8066
600519.SH,20230714,1753.0,0.1477,0.3378,1.15,35.1122,33.2313,11.8568,220211474.34,220211474.34
600519.SH,20230713,1738.4,0.2054,0.4699,1.85,34.8198,32.9545,11.758,218377425.552,218377425.552
600519.SH,20230712,1713.8,0.1058,0.2419,0.93,34.3271,32.4882,11.5916,215287178.964,215287178.964
600519.SH,20230711,1710.0,0.1002,0.2291,0.89,34.251,32.4161,11.5659,214809823.8,214809823.8
600519.SH,20230710,1700.9,0.1073,0.2454,0.88,34.0687,32.2436,11.5044,213666683.802,213666683.802
600519.SH,20230707,1690.03,0.1207,0.2762,0.93,33.851,32.0376,11.4309,212301196.7934,212301196.7934
600519.SH,20230706,1702.98,0.1205,0.2757,0.93,34.1103,32.283,11.5185,213927972.9444,213927972.9444
600519.SH,20230705,1715.38,0.1174,0.2685,0.87,34.3587,32.5181,11.6023,215485658.2164,215485658.2164
600519.SH,20230704,1730.6,0.0993,0.2271,0.71,34.6636,32.8066,11.7053,217397591.268,217397591.268
600519.SH,20230703,1724.1,0.1524,0.3485,1.04,34.5334,32.6834,11.6613,216581062.698,216581062.698
600519.SH,20230630,1691.0,0.1629,0.3726,1.14,33.8704,32.0559,11.4374,212423047.98,212423047.98
600519.SH,20230629,1713.71,0.1133,0.2592,0.74,34.3253,32.4865,9.8626,215275873.1838,215275873.1838
600519.SH,20230628,1728.38,0.1479,0.3382,0.85,34.6191,32.7645,9.947,217118715.3564,217118715.3564
600519.SH,20230627,1711.05,0.1208,0.2763,0.57,34.272,32.436,9.8473,214941724.569,214941724.569
600519.SH,20230626,1709.0,0.191,0.4368,0.9,34.2309,32.3972,9.8355,214684204.02,214684204.02
600519.SH,20230621,1735.83,0.1411,0.3226,0.6,34.7683,32.9058,9.9899,218054582.7174,218054582.7174
600519.SH,20230620,1743.46,0.1667,0.3814,0.74,34.9212,33.0504,10.0338,219013061.6388,219013061.6388
600519.SH,20230619,1744.0,0.2523,0.5771,1.16,34.932,33.0607,10.0369,219080896.32,219080896.32
600519.SH,20230616,1797.69,0.3018,0.6904,1.63,36.0074,34.0784,10.3459,225825422.3082,225825422.3082
600519.SH,20230615,1755.0,0.2008,0.4592,1.2,35.1523,33.2692,10.1002,220462713.9,220462713.9
600519.SH,20230614,1726.88,0.2508,0.5736,1.71,34.5891,32.7361,9.9384,216930285.6864,216930285.6864
600519.SH,20230613,1699.0,0.1167,0.267,0.75,34.0306,32.2076,9.7779,213428006.22,213428006.22
600519.SH,20230612,1696.0,0.2152,0.4921,1.57,33.9705,32.1507,9.7606,213051146.88,213051146.88
600519.SH,20230609,1666.0,0.1399,0.3201,0.94,33.3696,31.582,9.588,209282553.48,209282553.48
600519.SH,20230608,1668.0,0.117,0.2677,0.68,33.4097,31.6199,9.5995,209533793.04,209533793.04
600519.SH,20230607,1650.9,0.1424,0.3257,0.71,33.0672,31.2958,9.5011,207385694.802,207385694.802
600519.SH,20230606,1666.99,0.1585,0.3626,0.75,33.3895,31.6008,9.5937,209406917.0622,209406917.0622
600519.SH,20230605,1665.0,0.129,0.295,0.6,33.3496,31.5631,9.5822,209156933.7,209156933.7
600519.SH,20230602,1670.6,0.1995,0.4562,0.98,33.4618,31.6692,9.6145,209860404.468,209860404.468
600519.SH,20230601,1635.92,0.228,0.5215,1.17,32.7671,31.0118,9.4149,205503910.4976,205503910.4976
600519.SH,20230531,1628.9,0.2942,0.6729,1.79,32.6265,30.8787,9.3745,204622059.642,204622059.642
600519.SH,20230530,1668.29,0.2106,0.4816,1.41,33.4155,31.6254,9.6012,209570222.7762,209570222.7762
600519.SH,20230529,1689.0,0.1415,0.3236,0.76,33.8303,32.018,9.7204,212171808.42,212171808.42
600519.SH,20230526,1690.56,0.1456,0.333,0.73,33.8616,32.0476,9.7293,212367775.2768,212367775.2768
600519.SH,20230525,1701.0,0.1788,0.409,0.92,34.0707,32.2455,9.7894,213679245.78,213679245.78
600519.SH,20230524,1710.9,0.1471,0.3364,0.76,34.269,32.4332,9.8464,214922881.602,214922881.602
600519.SH,20230523,1724.55,0.1345,0.3076,0.67,34.5424,32.6919,9.925,216637591.599,216637591.599
600519.SH,20230522,1746.0,0.3286,0.7516,1.86,34.972,33.0986,10.0484,219332135.88,219332135.88
600519.SH,20230519,1699.5,0.2129,0.4869,1.29,34.0406,32.2171,9.7808,213490816.11,213490816.11
600519.SH,20230518,1691.0,0.153,0.3499,0.97,33.8704,32.0559,9.7319,212423047.98,212423047.98
600519.SH,20230517,1701.0,0.1336,0.3054,0.81,34.0707,32.2455,9.7894,213679245.78,213679245.78
600519.SH,20230516,1703.29,0.1769,0.4046,1.0,34.1166,32.2889,9.8026,213966915.0762,213966915.0762
600519.SH,20230515,1716.3,0.2049,0.4686,1.09,34.3771,32.5355,9.8775,215601228.414,215601228.414
600519.SH,20230512,1706.4,0.1549,0.3543,0.82,34.1789,32.3479,9.8205,214357592.592,214357592.592
600519.SH,20230511,1717.07,0.1214,0.2776,0.58,34.3926,32.5501,9.8819,215697955.6446,215697955.6446
600519.SH,20230510,1725.0,0.1654,0.3782,0.76,34.5514,32.7005,9.9275,216694120.5,216694120.5
600519.SH,20230509,1722.0,0.2339,0.5349,1.1,34.4913,32.6436,9.9103,216317261.16,216317261.16
600519.SH,20230508,1720.52,0.2641,0.6039,1.3,34.4617,32.6155,9.9018,216131343.8856,216131343.8856
600519.SH,20230505,1750.0,0.1649,0.3771,0.81,35.0521,33.1744,10.0714,219834615.0,219834615.0
600519.SH,20230504,1749.9,0.2186,0.5001,1.14,35.0501,33.1725,10.0708,219822053.022,219822053.022
600519.SH,20230428,1760.52,0.2088,0.4775,1.16,35.2629,33.3738,10.132,221156135.0856,221156135.0856
600519.SH,20230427,1757.92,0.2038,0.4662,1.2,35.2108,33.3245,10.117,220829523.6576,220829523.6576
600519.SH,20230426,1743.91,0.222,0.5072,1.49,34.9302,33.0589,10.0364,219069590.5398,219069590.5398
600519.SH,20230425,1730.38,0.1638,0.3743,1.12,34.6592,34.6592,11.0057,217369954.9164,217369954.9164
600519.SH,20230424,1705.0,0.161,0.3679,0.99,34.1508,34.1508,10.8443,214181724.9,214181724.9
600519.SH,20230421,1725.47,0.1474,0.3367,0.89,34.5608,34.5608,10.9745,216753161.7966,216753161.7966
600519.SH,20230420,1741.88,0.1583,0.3616,0.87,34.8895,34.8895,11.0788,218814582.3864,218814582.3864
600519.SH,20230419,1759.0,0.1162,0.2655,0.48,35.2324,35.2324,11.1877,220965193.02,220965193.02
600519.SH,20230418,1758.0,0.1458,0.333,0.57,35.2124,35.2124,11.1814,220839573.24,220839573.24
600519.SH,20230417,1753.0,0.2425,0.554,0.95,35.1122,35.1122,11.1496,220211474.34,220211474.34
600519.SH,20230414,1713.42,0.169,0.3861,0.69,34.3195,34.3195,10.8978,215239443.4476,215239443.4476
600519.SH,20230413,1723.0,0.2352,0.5372,1.07,34.5113,34.5113,10.9588,216442880.94,216442880.94
600519.SH,20230412,1694.1,0.4068,0.9293,2.39,33.9325,33.9325,10.775,212812469.298,212812469.298
600519.SH,20230411,1745.5,0.2325,0.5311,1.47,34.962,34.962,11.1019,219269325.99,219269325.99
600519.SH,20230410,1771.7,0.2342,0.5349,1.51,35.4868,35.4868,11.2685,222560564.226,222560564.226
600519.SH,20230407,1790.99,0.1077,0.2459,0.66,35.8732,35.8732,11.3912,224983769.7822,224983769.7822
600519.SH,20230406,1796.96,0.1184,0.2705,0.72,35.9927,35.9927,11.4292,225733719.8688,225733719.8688
600519.SH,20230404,1814.59,0.1597,0.3649,1.0,36.3459,36.3459,11.5413,227948396.5902,227948396.5902
600519.SH,20230403,1802.07,0.1705,0.3895,1.13,36.0951,36.0951,11.4617,226375636.9446,226375636.9446
600519.SH,20230331,1820.0,0.2185,0.4991,1.72,36.4542,36.4542,11.5757,228627999.6,228627999.6
600519.SH,20230330,1800.0,0.1533,0.3502,1.23,43.1024,37.9428,12.6191,226115604.0,226115604.0
600519.SH,20230329,1790.0,0.1225,0.2799,0.99,42.8629,37.732,12.549,224859406.2,224859406.2
600519.SH,20230328,1781.8,0.1374,0.3139,0.94,42.6665,37.5592,12.4915,223829324.004,223829324.004
600519.SH,20230327,1767.79,0.1218,0.2781,0.79,42.3311,37.2639,12.3933,222069390.8862,222069390.8862
600519.SH,20230324,1778.62,0.1017,0.2322,0.57,42.5904,37.4921,12.4692,223429853.1036,223429853.1036
600519.SH,20230323,1774.86,0.1382,0.3156,0.78,42.5004,37.4129,12.4428,222957522.7308,222957522.7308
600519.SH,20230322,1773.35,0.122,0.2788,0.66,42.4642,37.3811,12.4322,222767836.863,222767836.863
600519.SH,20230321,1775.0,0.2479,0.5663,1.44,42.5037,37.4158,12.4438,222975109.5,222975109.5
600519.SH,20230320,1729.6,0.1631,0.3726,0.95,41.4166,36.4588,12.1255,217271971.488,217271971.488
600519.SH,20230317,1742.0,0.2151,0.4914,1.32,41.7135,36.7202,12.2125,218829656.76,218829656.76
600519.SH,20230316,1751.99,0.1405,0.3209,0.79,41.9527,36.9308,12.2825,220084598.3622,220084598.3622
600519.SH,20230315,1750.92,0.1529,0.3494,0.83,41.9271,36.9082,12.275,219950185.1976,219950185.1976
600519.SH,20230314,1766.0,0.1887,0.431,1.03,42.2882,37.2261,12.3807,221844531.48,221844531.48
600519.SH,20230313,1762.0,0.1637,0.3739,0.89,42.1924,37.1418,12.3527,221342052.36,221342052.36
600519.SH,20230310,1750.0,0.1685,0.3848,0.96,41.9051,36.8888,12.2686,219834615.0,219834615.0
600519.SH,20230309,1770.02,0.2198,0.5021,1.45,42.3845,37.3109,12.4089,222349522.9956,222349522.9956
600519.SH,20230308,1770.42,0.1812,0.4139,1.17,42.394,37.3193,12.4117,222399770.9076,222399770.9076
600519.SH,20230307,1788.3,0.1814,0.4143,1.16,42.8222,37.6962,12.5371,224645852.574,224645852.574
600519.SH,20230306,1807.14,0.1644,0.3754,1.03,43.2733,38.0933,12.6691,227012529.2292,227012529.2292
600519.SH,20230303,1818.04,0.1289,0.2945,0.75,43.5343,38.3231,12.7456,228381784.8312,228381784.8312
600519.SH,20230302,1828.0,0.1046,0.239,0.56,43.7728,38.533,12.8154,229632957.84,229632957.84
600519.SH,20230301,1838.53,0.1947,0.4447,1.07,44.025,38.755,12.8892,230955734.1234,230955734.1234
600519.SH,20230228,1813.74,0.1907,0.4355,1.1,43.4314,38.2324,12.7154,227841619.7772,227841619.7772
600519.SH,20230227,1810.41,0.1756,0.4012,0.94,43.3516,38.1623,12.6921,227423305.9098,227423305.9098
600519.SH,20230224,1788.0,0.1961,0.448,1.04,42.815,37.6899,12.535,224608166.64,224608166.64
600519.SH,20230223,1818.0,0.1742,0.3979,0.84,43.5334,38.3222,12.7453,228376760.04,228376760.04
600519.SH,20230222,1836.0,0.1741,0.3977,0.87,43.9644,38.7017,12.8715,230637916.08,230637916.08
600519.SH,20230221,1867.0,0.1493,0.341,0.74,44.7067,39.3551,13.0888,234532129.26,234532129.26
600519.SH,20230220,1875.0,0.2362,0.5395,1.09,44.8983,39.5238,13.1449,235537087.5,235537087.5
600519.SH,20230217,1820.78,0.2105,0.4808,1.04,43.6,38.3808,12.7648,228725983.0284,228725983.0284
600519.SH,20230216,1861.82,0.2647,0.6045,1.34,44.5827,39.2459,13.0525,233881418.7996,233881418.7996
600519.SH,20230215,1841.0,0.1447,0.3305,0.74,44.0841,38.8071,12.9065,231266014.98,231266014.98
600519.SH,20230214,1843.79,0.1558,0.3558,0.77,44.1509,38.8659,12.9261,231616494.1662,231616494.1662
600519.SH,20230213,1856.35,0.3037,0.6937,1.45,44.4517,39.1306,13.0141,233194278.603,233194278.603
600519.SH,20230210,1810.0,0.1432,0.3269,0.61,43.3418,38.1536,12.6892,227371801.8,227371801.8
600519.SH,20230209,1818.0,0.2369,0.5409,1.0,43.5334,38.3222,12.7453,228376760.04,228376760.04
600519.SH,20230208,1784.0,0.1327,0.3031,0.5,42.7192,37.6055,12.5069,224105687.52,224105687.52
600519.SH,20230207,1797.0,0.1936,0.4421,0.7,43.0305,37.8796,12.598,225738744.66,225738744.66
600519.SH,20230206,1795.0,0.3396,0.7755,1.27,42.9826,37.8374,12.584,225487505.1,225487505.1
600519.SH,20230203,1818.0,0.2782,0.6353,1.1,43.5334,38.3222,12.7453,228376760.04,228376760.04
600519.SH,20230202,1836.11,0.2369,0.541,0.98,43.967,38.704,12.8722,230651734.2558,230651734.2558
600519.SH,20230201,1844.97,0.2705,0.6176,1.22,44.1792,38.8908,12.9343,231764725.5066,231764725.5066
600519.SH,20230131,1845.76,0.2626,0.5997,1.3,44.1981,38.9074,12.9399,231863965.1328,231863965.1328
600519.SH,20230130,1888.0,0.286,0.653,1.4,45.2096,39.7978,13.236,237170144.64,237170144.64
600519.SH,20230120,1860.01,0.2039,0.4655,0.95,44.5393,39.2078,13.0398,233654046.9978,233654046.9978
600519.SH,20230119,1880.21,0.1866,0.4261,0.91,45.023,39.6336,13.1814,236191566.5538,236191566.5538
600519.SH,20230118,1893.0,0.1677,0.3829,0.81,45.3293,39.9032,13.2711,237798243.54,237798243.54
600519.SH,20230117,1908.0,0.1696,0.3872,0.81,45.6885,40.2194,13.3762,239682540.24,239682540.24
600519.SH,20230116,1912.9,0.2933,0.6699,1.47,45.8058,40.3227,13.4106,240298077.162,240298077.162
600519.SH,20230113,1887.0,0.2543,0.5806,1.35,45.1856,39.7767,13.229,237044524.86,237044524.86
600519.SH,20230112,1834.0,0.1369,0.3125,0.58,43.9165,38.6595,12.8574,230386676.52,230386676.52
600519.SH,20230111,1844.95,0.1809,0.413,0.77,44.1787,38.8903,12.9342,231762213.111,231762213.111
600519.SH,20230110,1854.45,0.181,0.4132,0.76,44.4062,39.0906,13.0008,232955601.021,232955601.021
600519.SH,20230109,1841.2,0.2466,0.5631,1.07,44.0889,38.8113,12.9079,231291138.936,231291138.936
600519.SH,20230106,1803.77,0.1982,0.4527,0.88,43.1926,38.0223,12.6455,226589190.5706,226589190.5706
600519.SH,20230105,1801.0,0.3817,0.8715,2.07,43.1263,37.9639,12.6261,226241223.78,226241223.78
600519.SH,20230104,1725.01,0.1625,0.3711,0.9,41.3067,36.3621,12.0934,216695376.6978,216695376.6978
600519.SH,20230103,1730.01,0.2072,0.4733,1.2,41.4264,36.4675,12.1284,217323475.5978,217323475.5978
