ts_code,trade_date,open,high,low,close,pre_close,change,pct_chg,vol,amount
603259.SH,20260529,100.8,103.46,99.44,101.6,99.22,2.38,2.3987,570781.05,5807099.294
603259.SH,20260528,102.48,102.98,99.8,100.8,102.63,-1.83,-1.7831,337441.41,3399183.517
603259.SH,20260527,104.0,104.28,101.09,102.63,104.11,-1.48,-1.4216,372196.58,3821986.128
603259.SH,20260526,102.0,104.35,100.61,104.11,102.55,1.56,1.5212,390969.09,4020846.561
603259.SH,20260525,103.0,104.0,101.3,102.55,103.98,-1.43,-1.3753,311855.88,3189243.957
603259.SH,20260522,105.38,105.45,102.58,103.98,104.23,-0.25,-0.2399,332227.12,3448079.941
603259.SH,20260521,103.11,107.63,102.73,104.23,103.1,1.13,1.096,583265.57,6170198.014
603259.SH,20260520,101.4,104.55,101.21,103.1,101.79,1.31,1.287,325473.13,3341902.258
603259.SH,20260519,102.0,103.79,101.2,101.79,102.05,-0.26,-0.2548,284164.58,2899637.895
603259.SH,20260518,102.9,103.82,101.32,102.05,103.13,-1.08,-1.0472,274708.82,2804949.157
603259.SH,20260515,104.77,105.85,102.62,103.13,103.01,0.12,0.1165,394487.25,4106634.5
603259.SH,20260514,110.0,111.37,103.0,103.01,108.92,-5.91,-5.426,601413.19,6382539.682
603259.SH,20260513,110.44,111.16,107.94,108.92,110.33,-1.41,-1.278,351525.62,3821309.906
603259.SH,20260512,108.0,113.16,107.74,110.33,108.72,1.61,1.4809,649940.69,7187971.642
603259.SH,20260511,106.65,108.98,105.5,108.72,106.8,1.92,1.7978,539195.38,5778563.639
603259.SH,20260508,110.01,110.2,106.7,106.8,111.28,-4.48,-4.0259,455335.69,4896194.844
603259.SH,20260507,109.74,112.31,109.2,111.28,109.0,2.28,2.0917,480968.13,5338831.847
603259.SH,20260506,111.63,111.74,108.0,109.0,109.55,-0.55,-0.5021,540922.39,5903886.889
603259.SH,20260430,110.0,111.01,106.62,109.55,111.18,-1.63,-1.4661,596825.13,6505556.29
603259.SH,20260429,111.0,114.5,109.92,111.18,110.57,0.61,0.5517,1040521.61,11598965.408
603259.SH,20260428,110.5,110.57,108.02,110.57,100.52,10.05,9.998,538372.25,5924749.802
603259.SH,20260427,99.96,101.19,99.16,100.52,100.08,0.44,0.4396,322196.14,3230776.72
603259.SH,20260424,99.03,101.32,98.29,100.08,100.19,-0.11,-0.1098,318337.68,3181527.53
603259.SH,20260423,99.92,101.27,98.89,100.19,99.25,0.94,0.9471,356491.96,3562530.998
603259.SH,20260422,98.2,99.8,98.12,99.25,98.55,0.7,0.7103,270679.09,2681090.651
603259.SH,20260421,99.5,99.99,97.61,98.55,99.76,-1.21,-1.2129,299366.84,2946365.742
603259.SH,20260420,99.39,100.19,98.32,99.76,99.39,0.37,0.3723,373939.38,3712781.299
603259.SH,20260417,105.0,105.07,99.27,99.39,105.66,-6.27,-5.9341,777282.0,7833958.763
603259.SH,20260416,107.11,107.88,105.59,105.66,106.83,-1.17,-1.0952,347647.77,3694933.819
603259.SH,20260415,108.3,108.75,105.44,106.83,106.55,0.28,0.2628,367846.49,3924413.397
603259.SH,20260414,106.71,106.8,104.12,106.55,105.71,0.84,0.7946,310174.34,3271850.697
603259.SH,20260413,105.8,106.78,104.91,105.71,106.33,-0.62,-0.5831,249608.97,2636691.394
603259.SH,20260410,106.0,107.66,105.51,106.33,106.19,0.14,0.1318,323722.85,3449846.649
603259.SH,20260409,103.73,107.68,102.97,106.19,103.74,2.45,2.3617,477029.37,5070197.962
603259.SH,20260408,104.0,104.33,101.17,103.74,101.3,2.44,2.4087,462515.61,4756645.715
603259.SH,20260407,100.02,103.26,98.42,101.3,99.99,1.31,1.3101,337295.58,3412666.243
603259.SH,20260403,100.7,101.35,98.84,99.99,103.19,-3.2,-3.1011,457631.12,4578626.309
603259.SH,20260402,103.0,104.6,102.28,103.19,103.81,-0.62,-0.5972,473332.17,4897475.244
603259.SH,20260401,100.06,104.11,98.08,103.81,98.1,5.71,5.8206,790276.35,8034480.317
603259.SH,20260331,96.75,100.21,96.75,98.1,96.61,1.49,1.5423,526439.5,5215321.937
603259.SH,20260330,95.9,96.91,94.61,96.61,97.0,-0.39,-0.4021,369072.6,3544889.366
603259.SH,20260327,93.9,97.26,93.81,97.0,94.73,2.27,2.3963,448900.14,4320570.174
603259.SH,20260326,94.45,96.5,94.23,94.73,94.02,0.71,0.7552,372559.07,3553158.062
603259.SH,20260325,94.63,94.93,92.98,94.02,93.68,0.34,0.3629,370141.1,3469706.302
603259.SH,20260324,90.0,93.68,90.0,93.68,87.79,5.89,6.7092,757179.53,6993974.839
603259.SH,20260323,89.31,90.52,87.09,87.79,90.9,-3.11,-3.4213,414037.7,3675514.397
603259.SH,20260320,91.57,93.59,90.9,90.9,91.58,-0.68,-0.7425,250437.21,2305047.379
603259.SH,20260319,92.0,92.74,91.24,91.58,93.49,-1.91,-2.043,240716.76,2213257.972
603259.SH,20260318,92.47,93.55,92.14,93.49,92.46,1.03,1.114,232830.42,2163210.695
603259.SH,20260317,91.33,94.58,91.12,92.46,91.1,1.36,1.4929,408840.7,3806093.96
603259.SH,20260316,90.68,91.52,89.13,91.1,90.87,0.23,0.2531,278050.27,2515015.543
603259.SH,20260313,91.15,92.15,90.72,90.87,91.91,-1.04,-1.1315,227110.92,2073395.291
603259.SH,20260312,92.89,93.63,91.01,91.91,92.89,-0.98,-1.055,274974.03,2535653.354
603259.SH,20260311,94.3,94.95,92.52,92.89,94.15,-1.26,-1.3383,250340.89,2336521.029
603259.SH,20260310,92.5,94.6,92.4,94.15,91.1,3.05,3.348,289136.53,2717830.128
603259.SH,20260309,91.7,91.78,89.1,91.1,93.3,-2.2,-2.358,348439.68,3151014.268
603259.SH,20260306,92.3,94.25,92.05,93.3,92.45,0.85,0.9194,268556.73,2509616.036
603259.SH,20260305,93.46,94.17,91.86,92.45,92.02,0.43,0.4673,261603.47,2432056.958
603259.SH,20260304,93.3,94.38,91.55,92.02,93.75,-1.73,-1.8453,296434.32,2748431.668
603259.SH,20260303,96.32,97.95,93.68,93.75,96.04,-2.29,-2.3844,362722.86,3457126.243
603259.SH,20260302,96.1,98.36,95.56,96.04,98.01,-1.97,-2.01,335033.33,3230627.896
603259.SH,20260227,97.88,99.08,97.18,98.01,98.01,0.0,0.0,235058.83,2312395.367
603259.SH,20260226,99.53,99.78,97.8,98.01,99.85,-1.84,-1.8428,244308.8,2406339.129
603259.SH,20260225,100.1,100.55,98.22,99.85,100.17,-0.32,-0.3195,277229.8,2755559.222
603259.SH,20260224,103.66,103.88,100.0,100.17,101.91,-1.74,-1.7074,327750.75,3322851.966
603259.SH,20260213,104.89,104.89,101.78,101.91,104.9,-2.99,-2.8503,329875.19,3387576.146
603259.SH,20260212,102.75,106.58,102.41,104.9,102.14,2.76,2.7022,526403.88,5552394.242
603259.SH,20260211,101.86,102.8,101.0,102.14,101.35,0.79,0.7795,291920.48,2971878.545
603259.SH,20260210,98.69,102.21,98.25,101.35,98.7,2.65,2.6849,421588.94,4247758.758
603259.SH,20260209,98.4,98.77,97.07,98.7,97.83,0.87,0.8893,257073.33,2520440.887
603259.SH,20260206,96.38,98.88,95.66,97.83,97.11,0.72,0.7414,351942.08,3438191.095
603259.SH,20260205,96.1,98.47,96.0,97.11,95.61,1.5,1.5689,393998.2,3831110.679
603259.SH,20260204,94.0,95.99,92.82,95.61,94.6,1.01,1.0677,332631.98,3139502.353
603259.SH,20260203,93.4,94.85,92.43,94.6,93.2,1.4,1.5021,291675.58,2737181.513
603259.SH,20260202,95.21,96.18,92.91,93.2,95.2,-2.0,-2.1008,362992.93,3424640.282
603259.SH,20260130,97.85,98.78,95.2,95.2,98.02,-2.82,-2.877,402505.93,3880794.474
603259.SH,20260129,95.62,98.55,94.65,98.02,95.7,2.32,2.4242,535590.5,5206929.976
603259.SH,20260128,96.0,96.3,94.63,95.7,95.79,-0.09,-0.094,457468.14,4361090.365
603259.SH,20260127,96.87,97.75,95.33,95.79,96.72,-0.93,-0.9615,381809.38,3682066.803
603259.SH,20260126,97.85,97.98,95.81,96.72,97.6,-0.88,-0.9016,402338.86,3892617.049
603259.SH,20260123,98.01,99.38,96.94,97.6,97.6,0.0,0.0,386841.13,3787596.852
603259.SH,20260122,99.0,99.66,96.56,97.6,98.55,-0.95,-0.964,415187.86,4051345.621
603259.SH,20260121,99.0,100.76,98.2,98.55,99.46,-0.91,-0.9149,386898.31,3845257.915
603259.SH,20260120,101.88,102.3,97.87,99.46,102.39,-2.93,-2.8616,481130.85,4787947.715
603259.SH,20260119,104.4,105.73,100.5,102.39,104.3,-1.91,-1.8313,479082.91,4898469.3
603259.SH,20260116,103.58,106.3,102.89,104.3,103.56,0.74,0.7146,447752.03,4680154.299
603259.SH,20260115,103.01,105.88,102.52,103.56,103.4,0.16,0.1547,367229.1,3824134.613
603259.SH,20260114,104.55,106.99,102.0,103.4,104.6,-1.2,-1.1472,632239.22,6593727.956
603259.SH,20260113,101.8,106.5,101.66,104.6,98.68,5.92,5.9992,924547.63,9653875.04
603259.SH,20260112,100.0,101.0,97.6,98.68,99.08,-0.4,-0.4037,443951.55,4385655.732
603259.SH,20260109,98.68,101.0,97.02,99.08,98.17,0.91,0.927,507614.04,5038668.555
603259.SH,20260108,98.81,99.9,97.0,98.17,98.04,0.13,0.1326,420669.45,4138387.944
603259.SH,20260107,96.28,98.9,95.99,98.04,96.25,1.79,1.8597,530854.42,5197977.35
603259.SH,20260106,95.13,96.5,94.11,96.25,94.57,1.68,1.7765,463757.06,4429732.126
603259.SH,20260105,90.85,96.2,90.85,94.57,90.64,3.93,4.3358,728619.83,6879798.759
603259.SH,20251231,91.9,93.79,90.64,90.64,91.9,-1.26,-1.3711,419165.89,3863086.989
603259.SH,20251230,92.1,92.58,90.52,91.9,92.5,-0.6,-0.6486,307347.86,2814902.558
603259.SH,20251229,92.63,93.5,91.65,92.5,92.7,-0.2,-0.2157,284169.07,2627438.48
603259.SH,20251226,91.8,93.6,91.57,92.7,91.94,0.76,0.8266,257040.34,2383614.853
603259.SH,20251225,90.88,92.0,90.28,91.94,90.82,1.12,1.2332,221819.7,2025605.167
603259.SH,20251224,90.62,92.1,90.24,90.82,90.62,0.2,0.2207,250669.41,2279968.167
603259.SH,20251223,91.6,91.79,90.34,90.62,91.21,-0.59,-0.6469,251255.27,2285873.837
603259.SH,20251222,92.39,93.51,90.83,91.21,92.47,-1.26,-1.3626,357154.31,3279419.407
603259.SH,20251219,91.0,94.69,90.5,92.47,90.59,1.88,2.0753,463761.62,4316390.163
603259.SH,20251218,90.05,92.2,89.59,90.59,90.59,0.0,0.0,286539.37,2608663.453
603259.SH,20251217,89.37,91.1,88.73,90.59,89.12,1.47,1.6495,301576.76,2706502.932
603259.SH,20251216,91.0,91.99,88.5,89.12,91.21,-2.09,-2.2914,280709.35,2517653.654
603259.SH,20251215,92.8,93.4,91.0,91.21,94.05,-2.84,-3.0197,341657.15,3139061.025
603259.SH,20251212,93.68,94.15,92.42,94.05,93.4,0.65,0.6959,473404.9,4424061.212
603259.SH,20251211,92.99,95.66,92.76,93.4,92.75,0.65,0.7008,457596.05,4318081.883
603259.SH,20251210,91.48,92.95,89.67,92.75,92.17,0.58,0.6293,295731.12,2701885.873
603259.SH,20251209,91.4,94.33,91.05,92.17,91.55,0.62,0.6772,390102.11,3622415.928
603259.SH,20251208,90.83,91.91,90.41,91.55,90.4,1.15,1.2721,364691.33,3328835.853
603259.SH,20251205,90.25,91.48,89.52,90.4,89.59,0.81,0.9041,384581.31,3477451.163
603259.SH,20251204,88.08,89.62,87.61,89.59,87.62,1.97,2.2483,303974.73,2690705.594
603259.SH,20251203,89.1,89.5,87.18,87.62,89.42,-1.8,-2.013,466476.7,4105128.026
603259.SH,20251202,92.03,92.18,89.19,89.42,92.3,-2.88,-3.1203,433339.06,3903610.447
603259.SH,20251201,91.39,92.3,91.0,92.3,91.19,1.11,1.2172,275995.07,2530956.609
603259.SH,20251128,92.2,92.49,90.8,91.19,92.2,-1.01,-1.0954,318703.98,2910199.047
603259.SH,20251127,93.5,93.5,91.22,92.2,95.28,-3.08,-3.2326,506124.97,4668477.069
603259.SH,20251126,94.65,96.5,93.87,95.28,94.31,0.97,1.0285,331289.14,3164032.106
603259.SH,20251125,95.3,95.6,94.03,94.31,93.97,0.34,0.3618,321832.23,3049686.38
603259.SH,20251124,93.0,94.07,92.02,93.97,91.8,2.17,2.3638,328366.73,3064662.429
603259.SH,20251121,93.05,94.33,90.5,91.8,93.67,-1.87,-1.9964,346840.75,3196614.357
603259.SH,20251120,94.39,95.63,93.42,93.67,93.2,0.47,0.5043,245150.83,2312346.971
603259.SH,20251119,92.32,94.3,91.77,93.2,92.32,0.88,0.9532,246981.38,2298933.291
603259.SH,20251118,93.75,94.41,92.01,92.32,93.76,-1.44,-1.5358,289230.41,2685865.085
603259.SH,20251117,95.0,95.0,92.7,93.76,95.02,-1.26,-1.326,274932.32,2566670.336
603259.SH,20251114,95.58,96.65,94.74,95.02,96.46,-1.44,-1.4928,318674.56,3045864.064
603259.SH,20251113,93.2,96.9,92.5,96.46,92.35,4.11,4.4505,563458.13,5356491.219
603259.SH,20251112,92.9,94.47,92.28,92.35,92.5,-0.15,-0.1622,349596.69,3261497.867
603259.SH,20251111,94.4,94.4,92.25,92.5,93.45,-0.95,-1.0166,230679.73,2141520.839
603259.SH,20251110,94.68,94.84,92.24,93.45,94.84,-1.39,-1.4656,408649.06,3809049.768
603259.SH,20251107,95.0,95.81,94.0,94.84,95.69,-0.85,-0.8883,234022.94,2222382.264
603259.SH,20251106,94.4,95.87,93.56,95.69,94.31,1.38,1.4633,298148.25,2832701.171
603259.SH,20251105,92.13,95.7,92.13,94.31,93.81,0.5,0.533,391006.92,3695270.937
603259.SH,20251104,96.0,96.02,93.24,93.81,96.41,-2.6,-2.6968,546860.65,5140895.808
603259.SH,20251103,99.43,99.87,95.8,96.41,99.4,-2.99,-3.008,558467.1,5419149.164
603259.SH,20251031,97.41,100.5,96.55,99.4,97.06,2.34,2.4109,656940.79,6514330.556
603259.SH,20251030,100.5,100.5,96.46,97.06,106.04,-8.98,-8.4685,1231185.77,12060746.724
603259.SH,20251029,103.25,106.93,102.84,106.04,103.96,2.08,2.0008,453234.03,4751312.634
603259.SH,20251028,106.79,108.28,103.9,103.96,106.64,-2.68,-2.5131,462309.59,4875566.0
603259.SH,20251027,110.6,111.0,105.3,106.64,103.81,2.83,2.7261,719764.96,7772066.0
603259.SH,20251024,102.5,105.35,101.96,103.81,101.9,1.91,1.8744,379004.0,3925070.776
603259.SH,20251023,100.95,102.0,99.81,101.9,100.9,1.0,0.9911,224875.48,2268178.658
603259.SH,20251022,101.29,102.88,100.71,100.9,102.04,-1.14,-1.1172,211321.56,2140772.253
603259.SH,20251021,99.86,102.11,99.02,102.04,98.89,3.15,3.1854,335446.87,3395246.2
603259.SH,20251020,98.1,100.55,97.5,98.89,96.6,2.29,2.3706,298477.1,2957685.477
603259.SH,20251017,100.8,101.26,96.46,96.6,101.06,-4.46,-4.4132,396418.54,3886666.751
603259.SH,20251016,99.46,102.43,98.66,101.06,99.46,1.6,1.6087,391604.45,3949543.565
603259.SH,20251015,96.1,99.65,94.85,99.46,95.92,3.54,3.6906,421800.75,4123404.369
603259.SH,20251014,101.05,101.9,95.34,95.92,99.73,-3.81,-3.8203,561890.84,5506647.134
603259.SH,20251013,98.0,101.04,97.8,99.73,104.72,-4.99,-4.7651,700935.9,6957583.503
603259.SH,20251010,111.78,111.8,104.5,104.72,112.85,-8.13,-7.2043,689308.65,7356582.326
603259.SH,20251009,112.03,113.97,109.85,112.85,112.03,0.82,0.7319,554708.29,6219178.956
603259.SH,20250930,105.27,112.26,105.22,112.03,105.27,6.76,6.4216,707395.44,7791722.622
603259.SH,20250929,102.9,105.6,101.5,105.27,102.92,2.35,2.2833,469354.01,4865689.507
603259.SH,20250926,104.7,104.94,101.66,102.92,107.03,-4.11,-3.84,485285.22,5017475.182
603259.SH,20250925,104.88,108.5,104.88,107.38,105.03,2.35,2.2375,527096.91,5663189.313
603259.SH,20250924,104.02,106.17,104.02,105.03,104.78,0.25,0.2386,393491.93,4135949.756
603259.SH,20250923,108.5,109.73,102.69,104.78,109.03,-4.25,-3.898,643314.21,6771720.869
603259.SH,20250922,108.01,110.53,106.76,109.03,108.75,0.28,0.2575,439835.82,4779804.629
603259.SH,20250919,107.7,109.97,105.0,108.75,107.43,1.32,1.2287,501637.14,5395330.165
603259.SH,20250918,109.47,110.9,106.06,107.43,109.29,-1.86,-1.7019,543068.96,5895425.335
603259.SH,20250917,106.89,110.72,105.38,109.29,107.05,2.24,2.0925,497652.07,5381554.265
603259.SH,20250916,106.5,107.5,105.53,107.05,107.0,0.05,0.0467,350009.28,3726544.83
603259.SH,20250915,105.0,108.99,105.0,107.0,105.47,1.53,1.4506,513921.97,5509643.218
603259.SH,20250912,105.6,107.28,103.31,105.47,104.65,0.82,0.7836,566621.17,5955282.693
603259.SH,20250911,99.0,105.2,97.55,104.65,107.23,-2.58,-2.406,1003401.9,10267266.156
603259.SH,20250910,106.1,109.37,105.8,107.23,106.37,0.86,0.8085,478517.65,5144666.47
603259.SH,20250909,108.94,112.65,105.32,106.37,110.6,-4.23,-3.8246,642184.47,6945057.887
603259.SH,20250908,108.38,111.88,106.77,110.6,107.4,3.2,2.9795,710975.32,7767481.385
603259.SH,20250905,101.93,108.32,100.2,107.4,101.94,5.46,5.3561,802292.45,8389785.591
603259.SH,20250904,112.27,112.7,99.98,101.94,110.88,-8.94,-8.0628,1028634.35,10721558.807
603259.SH,20250903,111.72,112.95,108.69,110.88,112.0,-1.12,-1.0,719371.92,7947526.856
603259.SH,20250902,111.0,115.79,109.55,112.0,111.58,0.42,0.3764,1061257.69,11920451.242
603259.SH,20250901,104.2,112.01,101.51,111.58,103.3,8.28,8.0155,1012453.8,10930113.474
603259.SH,20250829,95.78,103.96,95.62,103.3,95.69,7.61,7.9528,1016595.53,10179550.325
603259.SH,20250828,94.93,95.85,92.5,95.69,95.4,0.29,0.304,583060.73,5497000.806
603259.SH,20250827,97.4,98.99,95.4,95.4,96.8,-1.4,-1.4463,620200.93,6036968.428
603259.SH,20250826,99.4,99.4,96.41,96.8,99.98,-3.18,-3.1806,670046.94,6517467.608
603259.SH,20250825,95.44,100.0,94.69,99.98,94.0,5.98,6.3617,933117.62,9115287.356
603259.SH,20250822,92.0,94.02,91.25,94.0,91.7,2.3,2.5082,580163.8,5386515.514
603259.SH,20250821,92.3,93.33,91.2,91.7,91.81,-0.11,-0.1198,397170.15,3657657.477
603259.SH,20250820,89.37,91.98,89.08,91.81,90.26,1.55,1.7173,821138.31,7441572.793
603259.SH,20250819,97.15,99.0,90.01,90.26,96.98,-6.72,-6.9293,1311654.25,12319742.559
603259.SH,20250818,97.8,99.3,96.5,96.98,97.8,-0.82,-0.8384,627114.56,6114490.532
603259.SH,20250815,97.55,99.3,96.66,97.8,98.68,-0.88,-0.8918,547929.51,5361910.476
603259.SH,20250814,99.0,102.36,97.3,98.68,98.12,0.56,0.5707,807631.5,8010471.657
603259.SH,20250813,92.1,99.5,91.64,98.12,91.5,6.62,7.235,1031051.77,9861040.638
603259.SH,20250812,91.55,91.75,90.1,91.5,91.23,0.27,0.296,371731.26,3381474.977
603259.SH,20250811,90.8,92.5,90.6,91.23,90.66,0.57,0.6287,404318.74,3691080.442
603259.SH,20250808,90.3,91.65,89.0,90.66,91.21,-0.55,-0.603,422063.29,3821372.279
603259.SH,20250807,92.46,93.92,90.06,91.21,93.58,-2.37,-2.5326,583678.73,5338845.804
603259.SH,20250806,93.29,95.75,92.98,93.58,93.29,0.29,0.3109,525255.01,4949859.579
603259.SH,20250805,92.9,94.15,92.52,93.29,91.85,1.44,1.5678,484983.04,4524512.868
603259.SH,20250804,93.0,93.0,89.61,91.85,93.0,-1.15,-1.2366,639168.07,5820856.353
603259.SH,20250801,95.59,96.39,92.36,93.0,96.27,-3.27,-3.3967,893263.37,8397691.2
603259.SH,20250731,96.0,98.85,94.92,96.27,98.85,-2.58,-2.61,983540.7,9498644.788
603259.SH,20250730,98.6,102.49,97.25,98.85,98.69,0.16,0.1621,929139.94,9295907.432
603259.SH,20250729,93.45,99.76,90.7,98.69,91.62,7.07,7.7167,940147.09,9014449.996
603259.SH,20250728,89.5,91.62,88.81,91.62,88.88,2.74,3.0828,532680.26,4810498.762
603259.SH,20250725,87.0,91.2,86.39,88.88,87.0,1.88,2.1609,610941.07,5449205.071
603259.SH,20250724,83.66,87.0,83.51,87.0,84.06,2.94,3.4975,479777.65,4117033.257
603259.SH,20250723,83.8,85.59,83.3,84.06,82.78,1.28,1.5463,489928.06,4130062.193
603259.SH,20250722,82.12,85.93,82.0,82.78,82.76,0.02,0.0242,452813.69,3790521.204
603259.SH,20250721,82.61,83.49,80.84,82.76,82.6,0.16,0.1937,496752.78,4090911.57
603259.SH,20250718,81.21,83.14,81.21,82.6,81.02,1.58,1.9501,415795.52,3423582.419
603259.SH,20250717,78.91,81.49,78.53,81.02,78.81,2.21,2.8042,415837.0,3334038.702
603259.SH,20250716,79.66,80.47,78.38,78.81,80.08,-1.27,-1.5859,316247.68,2500287.02
603259.SH,20250715,78.94,80.86,78.94,80.08,78.6,1.48,1.883,452164.8,3611405.9
603259.SH,20250714,77.5,79.52,77.21,78.6,77.15,1.45,1.8795,780300.8,6108719.157
603259.SH,20250711,73.5,77.15,73.3,77.15,70.14,7.01,9.9943,811132.16,6187525.9
603259.SH,20250710,69.81,71.39,69.81,70.14,69.7,0.44,0.6313,298621.53,2110353.015
603259.SH,20250709,69.39,70.98,68.9,69.7,70.4,-0.7,-0.9943,230898.54,1614224.839
603259.SH,20250708,69.63,70.88,69.55,70.4,69.84,0.56,0.8018,198884.48,1397239.19
603259.SH,20250707,70.75,70.75,69.22,69.84,70.82,-0.98,-1.3838,210368.66,1467087.581
603259.SH,20250704,70.72,71.65,70.04,70.82,70.72,0.1,0.1414,231365.91,1637993.621
603259.SH,20250703,70.2,71.07,69.9,70.72,70.2,0.52,0.7407,227080.99,1602986.685
603259.SH,20250702,70.98,71.38,69.96,70.2,70.7,-0.5,-0.7072,218891.38,1541968.347
603259.SH,20250701,69.11,71.39,69.11,70.7,69.55,1.15,1.6535,343608.85,2427370.173
603259.SH,20250630,65.72,69.65,65.6,69.55,65.83,3.72,5.6509,468343.37,3197226.438
603259.SH,20250627,65.68,66.42,65.32,65.83,65.68,0.15,0.2284,196913.83,1298425.976
603259.SH,20250626,67.5,67.5,65.52,65.68,67.81,-2.13,-3.1411,315677.3,2090934.201
603259.SH,20250625,67.2,67.94,66.33,67.81,66.84,0.97,1.4512,248627.64,1670588.396
603259.SH,20250624,65.6,66.84,65.6,66.84,65.27,1.57,2.4054,290531.35,1928100.907
603259.SH,20250623,64.66,65.43,63.91,65.27,65.27,0.0,0.0,258502.52,1671689.484
603259.SH,20250620,64.98,65.5,64.8,65.27,64.93,0.34,0.5236,210990.73,1376564.163
603259.SH,20250619,65.71,66.24,64.5,64.93,65.7,-0.77,-1.172,253258.73,1653303.302
603259.SH,20250618,66.3,66.99,65.5,65.7,66.5,-0.8,-1.203,340242.58,2240627.362
603259.SH,20250617,69.0,69.37,66.36,66.5,68.46,-1.96,-2.863,365808.4,2470413.663
603259.SH,20250616,67.85,69.39,66.6,68.46,68.27,0.19,0.2783,324358.87,2211286.826
603259.SH,20250613,67.71,69.94,67.31,68.27,67.71,0.56,0.8271,561615.46,3834962.056
603259.SH,20250612,65.06,67.8,64.75,67.71,65.05,2.66,4.0892,477555.25,3194078.454
603259.SH,20250611,65.3,65.55,64.72,65.05,64.9,0.15,0.2311,253724.23,1653442.731
603259.SH,20250610,64.81,66.32,64.6,64.9,64.8,0.1,0.1543,353142.61,2308557.596
603259.SH,20250609,64.39,65.88,63.96,64.8,64.0,0.8,1.25,332328.37,2162575.984
603259.SH,20250606,64.48,64.58,63.7,64.0,64.48,-0.48,-0.7444,207563.94,1327950.256
603259.SH,20250605,65.13,65.21,63.72,64.48,65.12,-0.64,-0.9828,244178.31,1572693.307
603259.SH,20250604,64.45,65.43,64.03,65.12,64.47,0.65,1.0082,288113.39,1868210.619
603259.SH,20250603,63.83,64.58,63.5,64.47,63.51,0.96,1.5116,240327.22,1540895.772
603259.SH,20250530,64.0,64.63,63.51,63.51,64.7,-1.19,-1.8393,281715.65,1803769.576
603259.SH,20250529,61.85,64.73,61.82,64.7,61.65,3.05,4.9473,425271.15,2719044.553
603259.SH,20250528,62.2,62.39,61.56,61.65,62.2,-0.55,-0.8842,158647.41,980667.406
603259.SH,20250527,61.99,62.66,61.54,62.2,61.67,0.53,0.8594,219149.77,1362849.034
603259.SH,20250526,62.05,63.02,61.42,61.67,62.05,-0.38,-0.6124,295211.48,1831081.34
603259.SH,20250523,62.77,64.21,61.97,62.05,62.79,-0.74,-1.1785,457972.61,2888668.363
603259.SH,20250522,61.5,63.12,60.9,62.79,62.05,0.74,1.1926,353599.15,2196532.043
603259.SH,20250521,61.28,62.75,60.9,62.05,61.33,0.72,1.174,297692.58,1849899.022
603259.SH,20250520,61.3,62.98,61.3,62.66,61.05,1.61,2.6372,318648.02,1988034.098
603259.SH,20250519,61.1,61.18,60.15,61.05,61.36,-0.31,-0.5052,179316.67,1089334.022
603259.SH,20250516,61.0,61.4,60.4,61.36,61.39,-0.03,-0.0489,210076.5,1282031.356
603259.SH,20250515,61.1,62.34,60.8,61.39,61.03,0.36,0.5899,343115.7,2113666.55
603259.SH,20250514,60.19,61.28,59.62,61.03,59.86,1.17,1.9546,341428.47,2066253.521
603259.SH,20250513,60.6,60.61,59.7,59.86,59.41,0.45,0.7574,303866.93,1825329.067
603259.SH,20250512,58.0,59.98,58.0,59.41,59.06,0.35,0.5926,373049.3,2205959.52
603259.SH,20250509,58.8,59.39,58.48,59.06,58.98,0.08,0.1356,240899.89,1421238.277
603259.SH,20250508,58.26,59.39,58.09,58.98,58.25,0.73,1.2532,344884.82,2027102.486
603259.SH,20250507,61.4,61.4,57.92,58.25,60.34,-2.09,-3.4637,643097.52,3775180.609
603259.SH,20250506,60.99,61.14,59.88,60.34,59.17,1.17,1.9774,409107.4,2468829.83
603259.SH,20250430,60.79,60.8,59.09,59.17,60.45,-1.28,-2.1175,430395.31,2561246.235
603259.SH,20250429,59.5,61.58,59.23,60.45,58.09,2.36,4.0627,677220.44,4098113.643
603259.SH,20250428,57.35,58.57,56.7,58.09,57.36,0.73,1.2727,351135.9,2025328.949
603259.SH,20250425,57.12,57.92,56.78,57.36,56.42,0.94,1.6661,326328.46,1870180.215
603259.SH,20250424,56.22,57.71,56.0,56.42,56.22,0.2,0.3557,372755.33,2118516.76
603259.SH,20250423,55.81,56.84,55.65,56.22,54.55,1.67,3.0614,487976.3,2743525.709
603259.SH,20250422,53.68,54.95,53.37,54.55,53.89,0.66,1.2247,370346.54,2011581.532
603259.SH,20250421,52.86,53.98,52.6,53.89,52.85,1.04,1.9678,258898.68,1384506.142
603259.SH,20250418,52.56,53.45,52.35,52.85,52.51,0.34,0.6475,240255.18,1270566.975
603259.SH,20250417,51.98,52.59,51.82,52.51,52.36,0.15,0.2865,266994.97,1398377.481
603259.SH,20250416,52.4,52.4,51.1,52.36,52.58,-0.22,-0.4184,409870.53,2116845.802
603259.SH,20250415,53.06,53.06,51.9,52.58,53.11,-0.53,-0.9979,388328.57,2031938.715
603259.SH,20250414,53.0,54.26,52.75,53.11,52.1,1.01,1.9386,625625.09,3348254.49
603259.SH,20250411,52.1,52.85,51.45,52.1,52.3,-0.2,-0.3824,631198.52,3290773.193
603259.SH,20250410,53.8,53.81,52.0,52.3,51.25,1.05,2.0488,838259.63,4418071.958
603259.SH,20250409,49.8,51.25,48.48,51.25,51.61,-0.36,-0.6975,1207096.9,6003069.737
603259.SH,20250408,58.08,58.14,51.45,51.61,57.17,-5.56,-9.7254,1272884.98,6716310.436
603259.SH,20250407,57.81,58.38,57.17,57.17,63.52,-6.35,-9.9969,421010.88,2413603.014
603259.SH,20250403,65.5,66.39,63.42,63.52,66.05,-2.53,-3.8304,502840.49,3241373.898
603259.SH,20250402,68.23,68.23,65.77,66.05,68.23,-2.18,-3.1951,383466.1,2555881.701
603259.SH,20250401,67.7,70.0,67.47,68.23,67.32,0.91,1.3518,478781.41,3304120.345
603259.SH,20250331,67.1,68.48,66.88,67.32,67.79,-0.47,-0.6933,226715.89,1530323.032
603259.SH,20250328,67.97,69.47,67.58,67.79,68.0,-0.21,-0.3088,291556.68,1989813.284
603259.SH,20250327,65.5,68.12,65.39,68.0,65.74,2.26,3.4378,365477.07,2450658.942
603259.SH,20250326,66.59,67.14,65.62,65.74,66.59,-0.85,-1.2765,215776.9,1427213.299
603259.SH,20250325,67.33,67.89,66.43,66.59,67.36,-0.77,-1.1431,211481.41,1415929.88
603259.SH,20250324,67.02,67.8,66.8,67.36,66.98,0.38,0.5673,278489.37,1872267.727
603259.SH,20250321,69.16,69.57,66.72,66.98,69.57,-2.59,-3.7229,470392.64,3177821.204
603259.SH,20250320,70.01,70.53,68.32,69.57,70.0,-0.43,-0.6143,391344.59,2721708.477
603259.SH,20250319,69.69,70.68,69.23,70.0,69.68,0.32,0.4592,549034.54,3841716.052
603259.SH,20250318,67.8,70.43,67.2,69.68,64.03,5.65,8.824,978983.73,6809954.748
603259.SH,20250317,64.2,64.5,63.42,64.03,63.91,0.12,0.1878,259844.06,1663436.487
603259.SH,20250314,61.35,64.41,61.11,63.91,61.1,2.81,4.599,559670.15,3547247.555
603259.SH,20250313,61.57,61.97,60.78,61.1,61.59,-0.49,-0.7956,170318.45,1042461.038
603259.SH,20250312,61.75,62.72,61.4,61.59,61.63,-0.04,-0.0649,200123.91,1237020.006
603259.SH,20250311,60.89,61.81,60.71,61.63,62.0,-0.37,-0.5968,225145.28,1379240.872
603259.SH,20250310,63.34,63.49,61.36,62.0,62.51,-0.51,-0.8159,288093.17,1789752.477
603259.SH,20250307,62.0,63.15,61.85,62.51,62.38,0.13,0.2084,349128.15,2186480.023
603259.SH,20250306,60.5,62.74,60.5,62.38,59.9,2.48,4.1402,438066.81,2720136.68
603259.SH,20250305,60.86,60.93,59.52,59.9,60.38,-0.48,-0.795,258607.48,1552816.877
603259.SH,20250304,60.1,60.66,59.65,60.38,60.67,-0.29,-0.478,316722.79,1906980.815
603259.SH,20250303,61.44,62.0,60.04,60.67,61.13,-0.46,-0.7525,403761.44,2466406.373
603259.SH,20250228,61.89,62.6,60.65,61.13,62.45,-1.32,-2.1137,426529.05,2616702.063
603259.SH,20250227,63.75,64.44,61.86,62.45,64.43,-1.98,-3.0731,511396.63,3217392.434
603259.SH,20250226,63.0,64.63,62.82,64.43,62.48,1.95,3.121,430341.89,2745377.078
603259.SH,20250225,61.7,63.3,61.7,62.48,63.61,-1.13,-1.7765,525983.63,3288243.065
603259.SH,20250224,67.2,67.2,63.4,63.61,68.41,-4.8,-7.0165,965106.21,6289004.446
603259.SH,20250221,64.5,69.25,64.5,68.41,64.36,4.05,6.2927,753722.54,5036733.304
603259.SH,20250220,62.48,64.88,62.21,64.36,62.5,1.86,2.976,531286.7,3403685.653
603259.SH,20250219,61.18,63.98,60.8,62.5,61.48,1.02,1.6591,493715.33,3083743.488
603259.SH,20250218,62.0,62.92,61.18,61.48,62.32,-0.84,-1.3479,478963.92,2969134.655
603259.SH,20250217,60.84,62.56,60.1,62.32,59.48,2.84,4.7747,766882.57,4728948.102
603259.SH,20250214,57.05,60.16,57.05,59.48,56.86,2.62,4.6078,723355.7,4277011.221
603259.SH,20250213,57.6,58.07,56.75,56.86,57.63,-0.77,-1.3361,247497.72,1414849.795
603259.SH,20250212,57.53,57.78,56.96,57.63,57.51,0.12,0.2087,272208.46,1563450.645
603259.SH,20250211,58.8,58.86,57.5,57.51,58.6,-1.09,-1.8601,242114.91,1400739.814
603259.SH,20250210,57.98,59.18,57.95,58.6,58.17,0.43,0.7392,301618.14,1767213.338
603259.SH,20250207,58.41,59.0,57.4,58.17,58.05,0.12,0.2067,436210.78,2540693.579
603259.SH,20250206,56.0,58.36,55.69,58.05,55.99,2.06,3.6792,470490.82,2701326.518
603259.SH,20250205,55.9,56.25,55.28,55.99,55.36,0.63,1.138,269885.19,1510235.646
603259.SH,20250127,55.87,56.28,55.33,55.36,55.86,-0.5,-0.8951,219336.54,1221098.269
603259.SH,20250124,54.35,57.0,54.18,55.86,54.38,1.48,2.7216,480683.81,2684705.686
603259.SH,20250123,55.1,55.55,54.37,54.38,54.57,-0.19,-0.3482,233256.64,1281175.321
603259.SH,20250122,55.28,55.63,54.37,54.57,55.49,-0.92,-1.658,223447.45,1223763.973
603259.SH,20250121,56.03,56.3,54.51,55.49,56.03,-0.54,-0.9638,379054.0,2094589.728
603259.SH,20250120,53.62,56.69,53.62,56.03,53.0,3.03,5.717,578832.9,3231516.812
603259.SH,20250117,53.22,53.57,52.88,53.0,53.53,-0.53,-0.9901,209879.41,1114921.4
603259.SH,20250116,53.82,54.76,53.21,53.53,53.28,0.25,0.4692,220881.16,1190559.739
603259.SH,20250115,54.9,54.9,52.53,53.28,55.0,-1.72,-3.1273,387270.5,2065578.447
603259.SH,20250114,53.81,55.35,53.52,55.0,53.17,1.83,3.4418,326686.63,1790246.506
603259.SH,20250113,52.63,53.63,52.44,53.17,53.36,-0.19,-0.3561,200884.52,1067634.276
603259.SH,20250110,53.47,54.3,52.94,53.36,52.61,0.75,1.4256,334536.61,1798150.094
603259.SH,20250109,51.99,53.65,51.99,52.61,51.91,0.7,1.3485,216652.69,1147627.683
603259.SH,20250108,52.16,52.54,51.13,51.91,52.38,-0.47,-0.8973,226503.58,1175324.845
603259.SH,20250107,52.6,52.65,51.45,52.38,52.9,-0.52,-0.983,283194.26,1471841.339
603259.SH,20250106,52.69,53.5,51.81,52.9,52.37,0.53,1.012,306605.59,1618876.876
603259.SH,20250103,53.05,53.58,52.21,52.37,53.06,-0.69,-1.3004,257327.36,1362899.26
603259.SH,20250102,55.03,55.29,52.7,53.06,55.04,-1.98,-3.5974,350818.13,1886594.13
603259.SH,20241231,56.08,56.08,55.02,55.04,56.1,-1.06,-1.8895,272688.15,1509924.465
603259.SH,20241230,54.55,56.4,54.52,56.1,54.79,1.31,2.3909,335452.08,1873917.73
603259.SH,20241227,55.4,55.48,54.32,54.79,55.51,-0.72,-1.2971,320379.05,1756650.116
603259.SH,20241226,55.27,56.07,55.0,55.51,55.64,-0.13,-0.2336,204622.96,1137236.272
603259.SH,20241225,57.5,58.0,55.5,55.64,56.45,-0.81,-1.4349,382329.54,2161036.321
603259.SH,20241224,56.07,56.6,56.07,56.45,56.26,0.19,0.3377,236492.33,1331703.14
603259.SH,20241223,55.68,57.05,55.6,56.26,55.79,0.47,0.8424,340255.0,1918340.353
603259.SH,20241220,55.88,56.53,55.61,55.79,55.91,-0.12,-0.2146,234714.36,1315679.41
603259.SH,20241219,55.52,56.83,55.35,55.91,56.1,-0.19,-0.3387,309136.89,1737818.038
603259.SH,20241218,55.8,56.4,55.46,56.1,55.5,0.6,1.0811,255412.78,1431697.459
603259.SH,20241217,56.0,56.8,55.42,55.5,56.21,-0.71,-1.2631,309572.89,1731569.86
603259.SH,20241216,56.21,57.1,55.87,56.21,56.5,-0.29,-0.5133,361683.57,2043598.981
603259.SH,20241213,56.6,57.1,56.19,56.5,57.09,-0.59,-1.0335,582368.43,3296971.933
603259.SH,20241212,57.3,57.55,56.35,57.09,57.69,-0.6,-1.04,482255.97,2746039.312
603259.SH,20241211,57.49,58.58,57.15,57.69,57.97,-0.28,-0.483,462223.64,2672315.535
603259.SH,20241210,60.51,60.74,57.75,57.97,58.98,-1.01,-1.7124,909352.35,5346316.47
603259.SH,20241209,59.6,60.2,57.82,58.98,55.22,3.76,6.8091,1562911.06,9227770.822
603259.SH,20241206,51.2,56.38,51.1,55.22,51.41,3.81,7.411,1055038.65,5727683.912
603259.SH,20241205,51.4,51.94,51.0,51.41,51.48,-0.07,-0.136,256191.6,1317249.678
603259.SH,20241204,52.2,52.3,51.2,51.48,52.32,-0.84,-1.6055,323949.14,1676907.315
603259.SH,20241203,51.1,52.77,50.93,52.32,51.22,1.1,2.1476,520359.28,2704560.598
603259.SH,20241202,50.01,51.37,49.7,51.22,50.14,1.08,2.154,383674.87,1950961.604
603259.SH,20241129,49.4,50.68,49.29,50.14,49.4,0.74,1.498,353789.89,1768300.585
603259.SH,20241128,50.07,50.35,49.24,49.4,49.92,-0.52,-1.0417,264741.89,1315000.84
603259.SH,20241127,49.01,50.08,48.98,49.92,49.0,0.92,1.8776,354914.69,1759305.997
603259.SH,20241126,49.29,49.85,48.94,49.0,49.1,-0.1,-0.2037,252699.05,1246059.208
603259.SH,20241125,49.63,50.14,48.55,49.1,49.63,-0.53,-1.0679,348252.44,1716881.201
603259.SH,20241122,52.01,52.01,49.56,49.63,52.17,-2.54,-4.8687,539043.98,2732774.875
603259.SH,20241121,52.45,52.46,51.74,52.17,52.57,-0.4,-0.7609,289348.43,1506554.239
603259.SH,20241120,51.8,53.08,51.68,52.57,52.08,0.49,0.9409,451492.62,2371766.515
603259.SH,20241119,51.93,52.58,50.69,52.08,51.62,0.46,0.8911,422373.17,2180513.267
603259.SH,20241118,52.47,53.1,51.36,51.62,52.87,-1.25,-2.3643,482398.19,2514439.796
603259.SH,20241115,53.98,54.45,52.87,52.87,54.4,-1.53,-2.8125,533735.84,2858876.964
603259.SH,20241114,56.19,56.77,54.25,54.4,56.56,-2.16,-3.819,567267.57,3140925.612
603259.SH,20241113,57.57,58.2,55.6,56.56,58.3,-1.74,-2.9846,758129.69,4284794.271
603259.SH,20241112,57.52,61.0,57.16,58.3,57.43,0.87,1.5149,1127148.05,6665577.346
603259.SH,20241111,55.5,57.85,55.38,57.43,56.12,1.31,2.3343,652272.33,3692920.572
603259.SH,20241108,57.86,58.05,55.92,56.12,56.72,-0.6,-1.0578,815247.04,4640791.038
603259.SH,20241107,53.67,56.72,53.45,56.72,54.9,1.82,3.3151,909111.07,5047690.62
603259.SH,20241106,53.8,56.5,53.53,54.9,53.79,1.11,2.0636,1029204.7,5666729.754
603259.SH,20241105,52.0,54.46,51.29,53.79,51.96,1.83,3.5219,800430.23,4249966.524
603259.SH,20241104,51.15,52.48,51.08,51.96,51.15,0.81,1.5836,407713.96,2115881.962
603259.SH,20241101,51.7,52.45,51.0,51.15,52.0,-0.85,-1.6346,511573.0,2641044.245
603259.SH,20241031,51.76,52.96,51.5,52.0,52.14,-0.14,-0.2685,534554.33,2783223.314
603259.SH,20241030,53.01,53.68,51.72,52.14,53.49,-1.35,-2.5238,652796.24,3432977.343
603259.SH,20241029,55.95,56.15,53.42,53.49,53.44,0.05,0.0936,1088119.25,5953071.641
603259.SH,20241028,52.97,53.66,52.2,53.44,53.0,0.44,0.8302,692597.62,3667950.844
603259.SH,20241025,49.88,53.16,49.8,53.0,50.14,2.86,5.704,1147011.18,5984087.371
603259.SH,20241024,51.49,51.86,49.91,50.14,51.49,-1.35,-2.6219,696845.37,3542588.393
603259.SH,20241023,50.82,52.5,50.3,51.49,50.8,0.69,1.3583,860325.33,4409326.559
603259.SH,20241022,50.21,51.44,49.9,50.8,50.36,0.44,0.8737,574351.1,2912834.79
603259.SH,20241021,50.52,50.92,49.62,50.36,50.22,0.14,0.2788,718422.06,3609709.042
603259.SH,20241018,47.8,51.47,47.78,50.22,48.18,2.04,4.2341,982913.91,4878139.593
603259.SH,20241017,49.3,49.54,48.16,48.18,48.96,-0.78,-1.5931,487387.5,2382667.323
603259.SH,20241016,49.0,49.76,48.5,48.96,50.08,-1.12,-2.2364,594906.09,2916187.021
603259.SH,20241015,51.92,52.3,50.05,50.08,51.9,-1.82,-3.5067,645826.2,3305678.001
603259.SH,20241014,51.95,52.18,50.4,51.9,51.45,0.45,0.8746,780223.42,4005778.2
603259.SH,20241011,53.98,53.98,50.68,51.45,54.93,-3.48,-6.3353,1066526.42,5543660.14
603259.SH,20241010,56.08,57.61,54.46,54.93,55.79,-0.86,-1.5415,1171174.5,6548238.859
603259.SH,20241009,57.53,59.5,54.88,55.79,57.6,-1.81,-3.1424,1827695.68,10454018.583
603259.SH,20241008,57.6,57.6,54.52,57.6,52.36,5.24,10.0076,2107490.03,12062006.71
603259.SH,20240930,52.36,52.36,50.9,52.36,47.6,4.76,10.0,1509337.92,7855382.54
603259.SH,20240927,44.0,47.6,44.0,47.6,43.27,4.33,10.0069,1160146.74,5336319.869
603259.SH,20240926,41.84,43.33,41.5,43.27,42.71,0.56,1.3112,961582.96,4066549.107
603259.SH,20240925,42.95,44.44,42.5,42.71,42.5,0.21,0.4941,1242644.08,5375991.475
603259.SH,20240924,42.0,42.52,40.89,42.5,41.75,0.75,1.7964,830103.74,3473674.441
603259.SH,20240923,43.0,43.79,41.44,41.75,40.58,1.17,2.8832,1036035.89,4411876.039
603259.SH,20240920,40.68,40.92,40.36,40.58,40.68,-0.1,-0.2458,286986.46,1164320.633
603259.SH,20240919,40.15,41.1,39.87,40.68,40.02,0.66,1.6492,433100.09,1760479.644
603259.SH,20240918,39.76,40.1,39.41,40.02,39.82,0.2,0.5023,222068.83,884367.452
603259.SH,20240913,39.98,40.68,39.76,39.82,39.76,0.06,0.1509,452094.38,1816493.671
603259.SH,20240912,38.56,40.23,38.5,39.76,38.54,1.22,3.1655,565023.29,2242229.879
603259.SH,20240911,37.55,38.68,37.34,38.54,37.29,1.25,3.3521,490957.67,1874760.461
603259.SH,20240910,39.0,39.0,36.86,37.29,39.41,-2.12,-5.3793,727966.13,2727650.007
603259.SH,20240909,38.76,40.58,38.68,39.41,38.8,0.61,1.5722,517414.14,2058814.414
603259.SH,20240906,39.66,39.72,38.78,38.8,39.66,-0.86,-2.1684,199393.77,779750.313
603259.SH,20240905,39.35,40.36,39.35,39.66,39.4,0.26,0.6599,304817.01,1215768.283
603259.SH,20240904,38.23,39.71,38.21,39.4,38.39,1.01,2.6309,431538.7,1689993.954
603259.SH,20240903,37.74,38.53,37.62,38.39,37.74,0.65,1.7223,270427.98,1034533.311
603259.SH,20240902,39.05,39.18,37.72,37.74,39.18,-1.44,-3.6753,362110.41,1384767.602
603259.SH,20240830,38.88,39.62,38.43,39.18,38.71,0.47,1.2142,410640.74,1613146.647
603259.SH,20240829,38.1,38.97,37.84,38.71,38.3,0.41,1.0705,313054.77,1204345.839
603259.SH,20240828,37.99,38.48,37.71,38.3,38.07,0.23,0.6042,235963.39,900729.673
603259.SH,20240827,38.0,38.43,37.7,38.07,38.14,-0.07,-0.1835,216779.17,823738.503
603259.SH,20240826,37.52,38.2,37.31,38.14,37.49,0.65,1.7338,309183.58,1170090.686
603259.SH,20240823,37.49,37.76,37.34,37.49,37.5,-0.01,-0.0267,189633.21,711611.127
603259.SH,20240822,38.68,38.99,37.4,37.5,38.74,-1.24,-3.2008,386469.23,1460726.679
603259.SH,20240821,39.41,39.42,38.6,38.74,39.3,-0.56,-1.4249,244058.77,950732.631
603259.SH,20240820,39.9,39.98,39.21,39.3,39.77,-0.47,-1.1818,191109.28,754063.92
603259.SH,20240819,40.11,40.45,39.67,39.77,40.22,-0.45,-1.1188,225551.42,901102.175
603259.SH,20240816,40.14,40.49,39.65,40.22,40.13,0.09,0.2243,245008.07,982068.62
603259.SH,20240815,39.81,40.58,39.64,40.13,39.87,0.26,0.6521,281153.76,1127298.568
603259.SH,20240814,41.17,41.19,39.84,39.87,41.2,-1.33,-3.2282,357287.44,1436528.407
603259.SH,20240813,41.45,41.5,40.8,41.2,41.38,-0.18,-0.435,231841.56,950931.185
603259.SH,20240812,41.49,41.72,41.08,41.38,41.5,-0.12,-0.2892,239242.25,990116.643
603259.SH,20240809,42.63,42.78,41.5,41.5,42.5,-1.0,-2.3529,434524.49,1823230.348
603259.SH,20240808,42.7,43.26,42.47,42.5,42.9,-0.4,-0.9324,348530.44,1493009.714
603259.SH,20240807,43.31,43.4,42.73,42.9,43.4,-0.5,-1.1521,343860.71,1479313.96
603259.SH,20240806,42.95,43.7,42.5,43.4,42.49,0.91,2.1417,573473.47,2478751.675
603259.SH,20240805,42.66,43.79,42.42,42.49,42.91,-0.42,-0.9788,635802.5,2735739.554
603259.SH,20240802,42.18,43.81,42.06,42.91,42.3,0.61,1.4421,759364.04,3280926.465
603259.SH,20240801,42.58,42.66,41.86,42.3,42.54,-0.24,-0.5642,544727.71,2301879.159
603259.SH,20240731,40.66,42.68,40.59,42.54,40.69,1.85,4.5466,823554.79,3462557.349
603259.SH,20240730,40.0,41.5,40.0,40.69,39.0,1.69,4.3333,1004849.3,4120504.062
603259.SH,20240729,39.53,39.65,38.6,39.0,39.54,-0.54,-1.3657,294568.77,1151269.786
603259.SH,20240726,39.36,39.83,39.15,39.54,39.26,0.28,0.7132,252936.67,999133.257
603259.SH,20240725,38.41,39.57,38.33,39.26,38.65,0.61,1.5783,316448.38,1239391.445
603259.SH,20240724,39.19,39.88,38.5,38.65,39.2,-0.55,-1.4031,291816.38,1140711.768
603259.SH,20240723,39.85,39.95,39.14,39.2,40.07,-0.87,-2.1712,319138.39,1262131.461
603259.SH,20240722,39.57,40.34,39.4,40.07,39.6,0.47,1.1869,400006.21,1600068.99
603259.SH,20240719,39.12,39.73,38.87,39.6,39.33,0.27,0.6865,342695.25,1350998.94
603259.SH,20240718,39.1,39.45,38.76,39.33,39.22,0.11,0.2805,344850.24,1349031.234
603259.SH,20240717,38.48,39.53,38.31,39.22,38.49,0.73,1.8966,441771.36,1729967.719
603259.SH,20240716,37.94,38.68,37.92,38.49,38.05,0.44,1.1564,243138.96,933555.855
603259.SH,20240715,38.53,38.8,37.95,38.05,38.8,-0.75,-1.933,283786.34,1084438.589
603259.SH,20240712,38.74,39.49,38.7,38.8,38.82,-0.02,-0.0515,359474.32,1401162.702
603259.SH,20240711,38.2,39.07,38.05,38.82,37.54,1.28,3.4097,492814.55,1906504.42
603259.SH,20240710,37.09,38.27,36.96,37.54,37.26,0.28,0.7515,354026.87,1335349.612
603259.SH,20240709,36.8,37.44,36.36,37.26,36.87,0.39,1.0578,384347.55,1419450.103
603259.SH,20240708,38.0,38.01,36.78,36.87,38.02,-1.15,-3.0247,341117.05,1268769.463
603259.SH,20240705,37.53,38.45,37.19,38.02,37.6,0.42,1.117,337834.32,1278050.026
603259.SH,20240704,38.5,38.59,37.59,37.6,38.7,-1.1,-2.8424,324685.87,1233854.314
603259.SH,20240703,38.23,39.28,37.88,38.7,38.29,0.41,1.0708,376655.73,1449894.446
603259.SH,20240702,38.56,38.84,38.23,38.29,38.66,-0.37,-0.9571,259265.35,997672.038
603259.SH,20240701,39.2,39.3,38.21,38.66,39.19,-0.53,-1.3524,328047.92,1263327.66
603259.SH,20240628,39.24,39.67,39.09,39.19,39.33,-0.14,-0.356,258802.35,1019798.332
603259.SH,20240627,40.0,40.04,39.33,39.33,40.21,-0.88,-2.1885,261424.02,1036366.869
603259.SH,20240626,39.68,40.35,39.15,40.21,39.5,0.71,1.7975,321573.74,1277263.351
603259.SH,20240625,40.43,40.84,40.17,40.49,40.42,0.07,0.1732,309645.37,1254720.9
603259.SH,20240624,40.23,40.86,39.88,40.42,40.49,-0.07,-0.1729,370790.54,1496466.495
603259.SH,20240621,40.88,40.88,40.15,40.49,41.09,-0.6,-1.4602,426641.29,1723777.262
603259.SH,20240620,41.98,42.35,41.08,41.09,41.94,-0.85,-2.0267,597775.48,2486685.473
603259.SH,20240619,42.45,42.59,41.9,41.94,42.53,-0.59,-1.3873,469523.31,1978708.415
603259.SH,20240618,43.89,43.99,41.8,42.53,43.97,-1.44,-3.275,772227.15,3306786.338
603259.SH,20240617,43.56,44.44,43.52,43.97,43.7,0.27,0.6178,485206.92,2130869.53
603259.SH,20240614,44.7,44.74,43.7,43.7,45.0,-1.3,-2.8889,1094695.42,4829241.479
603259.SH,20240613,45.3,45.72,44.68,45.0,45.38,-0.38,-0.8374,974218.15,4394654.964
603259.SH,20240612,42.6,46.12,42.52,45.38,42.46,2.92,6.8771,1512348.23,6748757.521
603259.SH,20240611,42.24,42.5,41.55,42.46,42.39,0.07,0.1651,335806.54,1411828.697
603259.SH,20240607,42.6,42.9,42.11,42.39,42.58,-0.19,-0.4462,306699.45,1301035.08
603259.SH,20240606,43.19,43.45,42.48,42.58,42.9,-0.32,-0.7459,403321.18,1728189.349
603259.SH,20240605,43.0,43.35,42.81,42.9,43.28,-0.38,-0.878,365378.75,1574016.546
603259.SH,20240604,42.0,43.3,41.9,43.28,42.0,1.28,3.0476,600163.16,2564758.28
603259.SH,20240603,42.17,42.26,41.71,42.0,42.11,-0.11,-0.2612,371090.89,1554478.357
603259.SH,20240531,42.28,42.76,42.07,42.11,41.94,0.17,0.4053,375925.93,1592288.167
603259.SH,20240530,42.11,42.3,41.85,41.94,42.27,-0.33,-0.7807,285871.33,1200119.584
603259.SH,20240529,42.11,42.5,42.07,42.27,42.26,0.01,0.0237,308288.44,1303868.123
603259.SH,20240528,42.23,42.92,41.98,42.26,42.42,-0.16,-0.3772,367068.06,1556773.267
603259.SH,20240527,42.99,43.04,41.52,42.42,42.75,-0.33,-0.7719,551580.2,2322296.969
603259.SH,20240524,43.15,43.6,42.75,42.75,43.29,-0.54,-1.2474,381302.11,1639374.261
603259.SH,20240523,43.86,44.05,43.23,43.29,44.12,-0.83,-1.8812,427281.72,1861930.244
603259.SH,20240522,43.7,44.28,43.6,44.12,43.71,0.41,0.938,482077.01,2118227.027
603259.SH,20240521,44.5,44.58,43.5,43.71,44.7,-0.99,-2.2148,669217.46,2941047.03
603259.SH,20240520,44.6,45.16,44.5,44.7,44.9,-0.2,-0.4454,562431.42,2517336.651
603259.SH,20240517,45.23,45.75,44.58,44.9,45.58,-0.68,-1.4919,694695.85,3123744.631
603259.SH,20240516,45.4,46.33,43.68,45.58,45.22,0.36,0.7961,967508.02,4368688.164
603259.SH,20240515,46.6,46.66,45.01,45.22,47.14,-1.92,-4.073,1059937.21,4822609.806
603259.SH,20240514,45.9,47.9,45.77,47.14,46.19,0.95,2.0567,1459675.32,6898602.51
603259.SH,20240513,48.51,48.68,45.79,46.19,44.85,1.34,2.9877,1853031.14,8704586.465
603259.SH,20240510,45.65,45.8,44.53,44.85,45.37,-0.52,-1.1461,609054.56,2733958.623
603259.SH,20240509,44.71,45.99,44.69,45.37,44.71,0.66,1.4762,750409.83,3413417.589
603259.SH,20240508,45.4,45.58,44.66,44.71,45.65,-0.94,-2.0591,626057.26,2812362.148
603259.SH,20240507,45.6,45.86,45.18,45.65,45.78,-0.13,-0.284,643176.7,2927941.342
603259.SH,20240506,44.44,46.39,44.34,45.78,43.67,2.11,4.8317,1267890.66,5771655.184
603259.SH,20240430,44.66,44.78,43.52,43.67,44.57,-0.9,-2.0193,806985.97,3539648.188
603259.SH,20240429,43.09,45.02,42.93,44.57,42.92,1.65,3.8444,1149394.27,5079727.022
603259.SH,20240426,41.38,43.13,41.3,42.92,41.6,1.32,3.1731,1197094.27,5093622.381
603259.SH,20240425,41.75,42.4,41.59,41.6,41.96,-0.36,-0.858,716876.45,2999783.556
603259.SH,20240424,42.31,42.5,41.75,41.96,42.63,-0.67,-1.5717,700785.37,2948163.456
603259.SH,20240423,42.25,43.3,41.48,42.63,42.1,0.53,1.2589,921190.2,3901172.943
603259.SH,20240422,41.9,42.69,41.63,42.1,42.2,-0.1,-0.237,508547.86,2145092.831
603259.SH,20240419,42.8,42.99,41.86,42.2,43.43,-1.23,-2.8321,746107.05,3159860.419
603259.SH,20240418,43.1,44.35,42.39,43.43,43.15,0.28,0.6489,1091478.51,4754699.825
603259.SH,20240417,41.35,43.55,41.28,43.15,41.19,1.96,4.7584,1122330.72,4753777.271
603259.SH,20240416,42.18,42.5,41.17,41.19,42.38,-1.19,-2.8079,703952.03,2936420.067
603259.SH,20240415,42.8,43.12,41.67,42.38,42.89,-0.51,-1.1891,819553.45,3467313.001
603259.SH,20240412,43.51,44.38,42.89,42.89,43.8,-0.91,-2.0776,790011.02,3425451.953
603259.SH,20240411,45.0,45.3,43.7,43.8,45.58,-1.78,-3.9052,1165953.04,5168843.98
603259.SH,20240410,46.5,47.05,45.53,45.58,46.92,-1.34,-2.8559,696944.16,3216785.453
603259.SH,20240409,46.12,47.07,44.9,46.92,46.11,0.81,1.7567,1055583.19,4856872.319
603259.SH,20240408,46.01,46.65,45.77,46.11,47.31,-1.2,-2.5365,836100.43,3855443.343
603259.SH,20240403,47.08,47.89,46.82,47.31,47.06,0.25,0.5312,745815.88,3534345.946
603259.SH,20240402,47.84,47.85,46.52,47.06,47.84,-0.78,-1.6304,756142.88,3553274.202
603259.SH,20240401,46.18,47.84,46.15,47.84,46.18,1.66,3.5946,969523.76,4572249.971
603259.SH,20240329,46.55,46.92,45.88,46.18,47.03,-0.85,-1.8074,745450.6,3445841.853
603259.SH,20240328,46.34,47.56,46.12,47.03,46.58,0.45,0.9661,821088.58,3851427.574
603259.SH,20240327,47.0,48.17,46.28,46.58,47.46,-0.88,-1.8542,895205.32,4219171.317
603259.SH,20240326,48.65,48.7,46.98,47.46,48.9,-1.44,-2.9448,1031548.01,4909658.757
603259.SH,20240325,49.3,49.96,48.81,48.9,47.91,0.99,2.0664,1220113.18,6034221.407
603259.SH,20240322,49.0,49.43,47.9,47.91,50.02,-2.11,-4.2183,1276319.61,6167920.208
603259.SH,20240321,50.38,50.73,49.91,50.02,50.33,-0.31,-0.6159,966805.97,4852801.308
603259.SH,20240320,50.85,51.11,50.01,50.33,50.81,-0.48,-0.9447,1102140.81,5557042.589
603259.SH,20240319,51.94,51.94,50.8,50.81,53.41,-2.6,-4.868,1681927.35,8613057.038
603259.SH,20240318,51.2,53.44,48.8,53.41,51.31,2.1,4.0928,1913966.8,9731015.422
603259.SH,20240315,52.34,53.34,51.15,51.31,53.51,-2.2,-4.1114,1456329.32,7550239.352
603259.SH,20240314,58.48,58.88,51.88,53.51,56.75,-3.24,-5.7093,1943570.13,10624602.685
603259.SH,20240313,57.0,57.67,55.95,56.75,57.2,-0.45,-0.7867,746320.35,4224695.583
603259.SH,20240312,56.0,58.37,56.0,57.2,54.77,2.43,4.4367,1238662.7,7092675.645
603259.SH,20240311,52.63,55.28,51.52,54.77,51.84,2.93,5.652,1085102.23,5791702.437
603259.SH,20240308,51.08,52.19,50.81,51.84,52.86,-1.02,-1.9296,973105.6,5019004.513
603259.SH,20240307,52.86,54.97,52.86,52.86,58.73,-5.87,-9.9949,1131703.75,6039655.188
603259.SH,20240306,59.01,59.48,57.8,58.73,58.23,0.5,0.8587,562813.85,3306705.225
603259.SH,20240305,58.32,59.27,57.11,58.23,60.0,-1.77,-2.95,822375.01,4790498.199
603259.SH,20240304,55.57,60.52,55.56,60.0,55.02,4.98,9.0513,1241226.74,7317986.397
603259.SH,20240301,54.3,55.39,54.01,55.02,54.48,0.54,0.9912,553751.81,3033267.944
603259.SH,20240229,52.53,54.65,52.5,54.48,53.01,1.47,2.7731,638708.56,3435187.041
603259.SH,20240228,55.43,56.55,53.0,53.01,54.98,-1.97,-3.5831,907268.13,4984475.22
603259.SH,20240227,54.29,54.98,53.61,54.98,54.65,0.33,0.6038,646236.73,3506569.642
603259.SH,20240226,53.84,55.47,53.75,54.65,53.58,1.07,1.997,750275.76,4100568.544
603259.SH,20240223,54.04,54.18,52.55,53.58,54.11,-0.53,-0.9795,694106.59,3692128.685
603259.SH,20240222,53.09,54.36,52.88,54.11,53.74,0.37,0.6885,628862.04,3380940.433
603259.SH,20240221,51.0,55.5,50.82,53.74,51.57,2.17,4.2079,1088745.73,5806896.516
603259.SH,20240220,49.85,51.64,49.33,51.57,50.05,1.52,3.037,1003198.73,5098828.723
603259.SH,20240219,50.5,51.28,48.62,50.05,53.12,-3.07,-5.7794,1328064.02,6616821.306
603259.SH,20240208,53.65,54.5,52.0,53.12,55.25,-2.13,-3.8552,990074.32,5242898.091
603259.SH,20240207,53.61,56.38,53.61,55.25,52.25,3.0,5.7416,1112956.44,6106646.697
603259.SH,20240206,46.86,52.81,45.37,52.25,48.23,4.02,8.3351,1132591.42,5611611.769
603259.SH,20240205,46.28,51.73,45.2,48.23,50.22,-1.99,-3.9626,1593025.08,7621601.787
603259.SH,20240202,56.91,57.43,50.22,50.22,55.8,-5.58,-10.0,657074.85,3540411.459
603259.SH,20240201,54.56,56.94,53.73,55.8,54.2,1.6,2.952,583372.98,3237860.095
603259.SH,20240131,56.0,56.55,53.9,54.2,56.85,-2.65,-4.6614,656971.94,3609475.982
603259.SH,20240130,56.4,58.6,56.18,56.85,59.36,-2.51,-4.2284,873964.91,4998049.421
603259.SH,20240129,63.0,63.98,59.36,59.36,65.96,-6.6,-10.0061,1060979.22,6476342.51
603259.SH,20240126,72.5,74.69,65.96,65.96,73.29,-7.33,-10.0014,445270.46,3118145.743
603259.SH,20240125,73.96,74.06,72.11,73.29,74.0,-0.71,-0.9595,192356.79,1406196.89
603259.SH,20240124,74.58,74.69,72.2,74.0,74.07,-0.07,-0.0945,174389.09,1279223.229
603259.SH,20240123,73.9,75.08,73.09,74.07,74.46,-0.39,-0.5238,198385.47,1467834.688
603259.SH,20240122,74.79,75.38,73.2,74.46,74.89,-0.43,-0.5742,260220.97,1942922.281
603259.SH,20240119,73.41,75.3,73.0,74.89,73.82,1.07,1.4495,317310.74,2370047.295
603259.SH,20240118,71.0,73.93,70.81,73.82,71.5,2.32,3.2448,259359.29,1879199.427
603259.SH,20240117,72.93,73.16,71.5,71.5,73.35,-1.85,-2.5222,144415.54,1040249.53
603259.SH,20240116,72.11,73.4,71.81,73.35,72.65,0.7,0.9635,141079.89,1023819.904
603259.SH,20240115,71.1,73.95,71.1,72.65,71.82,0.83,1.1557,176931.59,1291610.176
603259.SH,20240112,71.01,73.88,70.92,71.82,71.75,0.07,0.0976,232131.03,1686680.291
603259.SH,20240111,72.0,72.72,69.8,71.75,67.62,4.13,6.1077,401024.4,2862835.102
603259.SH,20240110,67.1,68.38,66.33,67.62,67.4,0.22,0.3264,169719.68,1147314.822
603259.SH,20240109,67.8,68.9,66.9,67.4,67.46,-0.06,-0.0889,161648.5,1095307.1
603259.SH,20240108,67.83,68.18,67.1,67.46,68.11,-0.65,-0.9543,148078.4,999943.01
603259.SH,20240105,69.4,69.55,67.5,68.11,69.16,-1.05,-1.5182,177232.89,1214808.634
603259.SH,20240104,69.98,69.98,68.64,69.16,70.1,-0.94,-1.3409,210134.38,1451571.35
603259.SH,20240103,70.05,71.17,69.88,70.1,70.5,-0.4,-0.5674,142196.91,1000918.548
603259.SH,20240102,72.95,73.01,68.9,70.5,72.76,-2.26,-3.1061,280681.96,1977572.424
603259.SH,20231229,73.45,73.76,72.31,72.76,73.45,-0.69,-0.9394,167549.4,1220720.304
603259.SH,20231228,71.6,73.74,71.05,73.45,71.25,2.2,3.0877,210950.29,1537004.45
603259.SH,20231227,72.18,72.56,71.1,71.25,72.16,-0.91,-1.2611,149565.37,1067896.257
603259.SH,20231226,73.56,73.56,71.49,72.16,73.57,-1.41,-1.9165,104867.54,755318.035
603259.SH,20231225,72.0,74.28,71.95,73.57,72.53,1.04,1.4339,103812.39,761731.982
603259.SH,20231222,73.12,73.52,71.6,72.53,73.25,-0.72,-0.9829,144222.48,1043048.777
603259.SH,20231221,71.96,74.7,71.65,73.25,72.41,0.84,1.1601,155781.24,1142235.974
603259.SH,20231220,73.1,73.9,72.4,72.41,72.91,-0.5,-0.6858,93846.18,683538.19
603259.SH,20231219,72.8,73.56,72.31,72.91,73.52,-0.61,-0.8297,121861.19,885994.394
603259.SH,20231218,73.35,74.2,72.69,73.52,73.38,0.14,0.1908,125443.46,920884.783
603259.SH,20231215,75.38,75.77,73.2,73.38,74.61,-1.23,-1.6486,156558.19,1160336.807
603259.SH,20231214,75.5,76.85,74.52,74.61,74.03,0.58,0.7835,177988.39,1343496.079
603259.SH,20231213,75.0,75.28,73.6,74.03,75.3,-1.27,-1.6866,196559.93,1455870.142
603259.SH,20231212,76.5,76.5,74.92,75.3,76.71,-1.41,-1.8381,148699.22,1122178.623
603259.SH,20231211,75.35,77.0,74.7,76.71,76.0,0.71,0.9342,166815.93,1263860.057
603259.SH,20231208,75.36,76.25,74.3,76.0,75.5,0.5,0.6623,258710.63,1953812.458
603259.SH,20231207,76.1,76.1,73.83,75.5,76.16,-0.66,-0.8666,194972.24,1458383.571
603259.SH,20231206,75.08,77.26,75.08,76.16,74.7,1.46,1.9545,231000.02,1759124.882
603259.SH,20231205,76.0,77.19,74.0,74.7,77.26,-2.56,-3.3135,324911.12,2459771.616
603259.SH,20231204,81.35,81.35,76.0,77.26,83.0,-5.74,-6.9157,402332.0,3141149.76
603259.SH,20231201,82.6,83.3,81.3,83.0,82.6,0.4,0.4843,160315.81,1318209.874
603259.SH,20231130,83.41,83.83,82.3,82.6,83.81,-1.21,-1.4437,136881.67,1134099.593
603259.SH,20231129,84.39,84.6,83.5,83.81,84.24,-0.43,-0.5104,92487.4,776671.972
603259.SH,20231128,83.15,85.12,83.01,84.24,83.13,1.11,1.3353,144560.7,1215763.396
603259.SH,20231127,83.5,83.63,82.22,83.13,83.76,-0.63,-0.7521,156550.82,1297648.744
603259.SH,20231124,84.8,85.07,83.66,83.76,84.68,-0.92,-1.0864,96552.24,811125.804
603259.SH,20231123,84.22,84.97,83.9,84.68,84.23,0.45,0.5343,102595.03,865363.218
603259.SH,20231122,86.4,86.4,84.17,84.23,86.86,-2.63,-3.0279,147293.06,1249138.343
603259.SH,20231121,86.99,88.1,86.62,86.86,86.86,0.0,0.0,114493.25,1000081.801
603259.SH,20231120,85.78,87.79,85.21,86.86,85.36,1.5,1.7573,151440.41,1312920.233
603259.SH,20231117,85.42,85.7,84.58,85.36,85.42,-0.06,-0.0702,108713.1,924250.388
603259.SH,20231116,87.38,88.11,85.02,85.42,87.7,-2.28,-2.5998,124725.22,1072264.398
603259.SH,20231115,87.72,89.23,86.9,87.7,85.56,2.14,2.5012,164559.98,1445936.162
603259.SH,20231114,87.3,87.75,84.93,85.56,86.52,-0.96,-1.1096,169003.73,1448892.144
603259.SH,20231113,88.19,88.5,86.03,86.52,88.19,-1.67,-1.8936,139693.4,1211290.135
603259.SH,20231110,88.18,88.96,87.78,88.19,88.93,-0.74,-0.8321,93888.03,829002.824
603259.SH,20231109,90.82,91.17,88.56,88.93,90.73,-1.8,-1.9839,178855.89,1600369.266
603259.SH,20231108,89.4,92.6,89.23,90.73,89.75,0.98,1.0919,201577.52,1838815.594
603259.SH,20231107,90.38,91.39,89.59,89.75,90.88,-1.13,-1.2434,156334.71,1412869.666
603259.SH,20231106,88.3,91.0,88.01,90.88,86.92,3.96,4.5559,265927.57,2404194.331
603259.SH,20231103,85.6,87.89,85.0,86.92,85.38,1.54,1.8037,183849.37,1595929.163
603259.SH,20231102,84.93,87.18,84.87,85.38,84.95,0.43,0.5062,174064.67,1498705.547
603259.SH,20231101,86.49,86.7,83.05,84.95,86.51,-1.56,-1.8033,239190.94,2022734.126
603259.SH,20231031,85.8,88.7,83.36,86.51,90.46,-3.95,-4.3666,426364.55,3681583.042
603259.SH,20231030,88.23,93.56,88.23,90.46,88.72,1.74,1.9612,336781.89,3067658.395
603259.SH,20231027,84.0,89.5,83.5,88.72,84.37,4.35,5.1559,252906.74,2205356.95
603259.SH,20231026,83.0,84.78,82.61,84.37,83.47,0.9,1.0782,153991.37,1291954.541
603259.SH,20231025,85.3,86.88,83.38,83.47,84.07,-0.6,-0.7137,211870.13,1789311.073
603259.SH,20231024,85.0,85.19,83.4,84.07,84.35,-0.28,-0.332,168590.02,1420727.149
603259.SH,20231023,83.95,85.29,82.92,84.35,84.62,-0.27,-0.3191,128650.45,1082692.477
603259.SH,20231020,85.94,85.96,84.11,84.62,86.18,-1.56,-1.8102,153510.85,1299927.51
603259.SH,20231019,86.9,87.67,86.1,86.18,87.51,-1.33,-1.5198,134370.35,1164803.769
603259.SH,20231018,88.08,88.33,86.86,87.51,88.25,-0.74,-0.8385,131261.81,1147430.194
603259.SH,20231017,88.8,88.97,87.3,88.25,87.9,0.35,0.3982,129757.31,1141326.505
603259.SH,20231016,90.4,91.11,87.7,87.9,90.18,-2.28,-2.5283,205117.17,1821062.532
603259.SH,20231013,88.6,91.05,88.36,90.18,89.3,0.88,0.9854,228061.53,2057158.347
603259.SH,20231012,90.0,90.5,87.81,89.3,88.15,1.15,1.3046,241551.81,2146584.901
603259.SH,20231011,85.06,89.36,85.0,88.15,84.45,3.7,4.3813,294155.75,2589875.434
603259.SH,20231010,86.7,86.99,84.4,84.45,86.49,-2.04,-2.3587,174464.95,1482970.666
603259.SH,20231009,86.49,87.2,84.6,86.49,86.18,0.31,0.3597,189808.34,1634300.911
603259.SH,20230928,88.02,89.09,85.74,86.18,87.67,-1.49,-1.6996,297129.38,2577774.834
603259.SH,20230927,83.0,88.0,82.87,87.67,81.55,6.12,7.5046,434114.57,3749939.438
603259.SH,20230926,82.07,82.6,81.3,81.55,81.5,0.05,0.0613,163093.55,1332970.179
603259.SH,20230925,79.85,81.88,79.06,81.5,79.55,1.95,2.4513,235476.65,1909082.17
603259.SH,20230922,79.49,79.55,77.72,79.55,78.55,1.0,1.2731,136983.36,1081391.665
603259.SH,20230921,79.65,80.08,78.28,78.55,80.19,-1.64,-2.0451,132033.51,1040088.709
603259.SH,20230920,80.3,81.11,79.5,80.19,80.4,-0.21,-0.2612,91487.41,735351.01
603259.SH,20230919,81.0,81.1,79.78,80.4,81.0,-0.6,-0.7407,91432.83,734564.338
603259.SH,20230918,79.8,81.62,79.68,81.0,79.8,1.2,1.5038,167991.02,1359497.047
603259.SH,20230915,78.23,81.13,77.73,79.8,77.96,1.84,2.3602,195268.21,1557614.889
603259.SH,20230914,77.37,78.3,77.2,77.96,77.33,0.63,0.8147,84859.97,659942.172
603259.SH,20230913,77.05,78.25,76.63,77.33,77.45,-0.12,-0.1549,105464.67,816090.323
603259.SH,20230912,77.5,78.5,76.92,77.45,77.5,-0.05,-0.0645,126311.26,981448.125
603259.SH,20230911,76.3,78.8,75.65,77.5,76.2,1.3,1.706,136974.34,1061444.857
603259.SH,20230908,75.86,77.0,75.54,76.2,76.3,-0.1,-0.1311,93126.45,712270.087
603259.SH,20230907,77.0,77.27,75.84,76.3,77.0,-0.7,-0.9091,142812.26,1092480.671
603259.SH,20230906,80.99,80.99,76.6,77.0,81.41,-4.41,-5.417,321445.18,2498068.076
603259.SH,20230905,80.9,82.16,80.5,81.41,81.38,0.03,0.0369,127060.65,1035153.024
603259.SH,20230904,80.9,82.19,80.0,81.38,80.16,1.22,1.522,140667.51,1145062.685
603259.SH,20230901,81.5,81.83,79.29,80.16,81.5,-1.34,-1.6442,133291.96,1065928.927
603259.SH,20230831,82.48,82.6,81.4,81.5,82.14,-0.64,-0.7792,121397.09,993380.535
603259.SH,20230830,82.42,82.82,80.8,82.14,81.26,0.88,1.0829,178747.77,1463596.393
603259.SH,20230829,79.27,82.0,79.0,81.26,79.22,2.04,2.5751,228568.34,1851583.01
603259.SH,20230828,83.13,83.45,78.9,79.22,79.06,0.16,0.2024,320767.3,2574254.83
603259.SH,20230825,78.67,81.5,78.18,79.06,78.7,0.36,0.4574,206406.1,1639481.628
603259.SH,20230824,77.0,79.8,76.8,78.7,76.43,2.27,2.97,237534.96,1858221.4
603259.SH,20230823,78.37,78.58,76.35,76.43,77.59,-1.16,-1.495,164616.14,1268540.778
603259.SH,20230822,77.8,78.81,75.91,77.59,77.8,-0.21,-0.2699,214790.04,1666127.532
603259.SH,20230821,77.41,79.22,77.24,77.8,77.77,0.03,0.0386,185530.11,1453380.288
603259.SH,20230818,79.75,79.85,77.76,77.77,79.73,-1.96,-2.4583,180035.81,1412889.018
603259.SH,20230817,77.19,80.17,77.01,79.73,77.91,1.82,2.336,217651.39,1719198.075
603259.SH,20230816,77.7,79.36,77.38,77.91,78.01,-0.1,-0.1282,148670.62,1162356.484
603259.SH,20230815,78.41,78.81,76.92,78.01,78.49,-0.48,-0.6115,145445.73,1130073.035
603259.SH,20230814,77.49,79.02,76.8,78.49,78.6,-0.11,-0.1399,211301.63,1645128.728
603259.SH,20230811,78.89,80.1,78.45,78.6,78.9,-0.3,-0.3802,254893.71,2016351.0
603259.SH,20230810,76.28,79.29,75.91,78.9,76.24,2.66,3.489,374290.53,2913902.35
603259.SH,20230809,71.98,77.1,71.67,76.24,73.61,2.63,3.5729,422491.22,3202728.728
603259.SH,20230808,73.6,74.5,72.55,73.61,73.97,-0.36,-0.4867,185576.95,1365299.115
603259.SH,20230807,74.98,75.23,73.26,73.97,75.56,-1.59,-2.1043,300773.76,2223992.093
603259.SH,20230804,77.3,77.37,74.8,75.56,77.05,-1.49,-1.9338,293621.59,2224343.446
603259.SH,20230803,73.7,77.22,73.28,77.05,73.8,3.25,4.4038,435759.72,3304347.009
603259.SH,20230802,75.28,75.4,73.27,73.8,74.98,-1.18,-1.5738,265333.67,1969227.754
603259.SH,20230801,74.78,75.5,73.98,74.98,71.67,3.31,4.6184,543051.72,4064977.336
603259.SH,20230731,69.81,73.8,69.81,71.67,69.28,2.39,3.4498,452638.67,3262570.842
603259.SH,20230728,68.71,69.66,67.27,69.28,69.3,-0.02,-0.0289,228021.77,1563582.212
603259.SH,20230727,69.01,70.12,68.52,69.3,69.19,0.11,0.159,171859.33,1190841.851
603259.SH,20230726,68.5,70.13,68.15,69.19,68.15,1.04,1.526,206473.17,1429873.175
603259.SH,20230725,68.62,68.99,67.02,68.15,67.73,0.42,0.6201,191493.86,1299603.55
603259.SH,20230724,67.1,69.83,67.1,67.73,67.8,-0.07,-0.1032,198813.76,1356732.567
603259.SH,20230721,67.63,68.88,67.1,67.8,67.64,0.16,0.2365,166091.58,1129315.479
603259.SH,20230720,68.33,68.77,67.64,67.64,67.87,-0.23,-0.3389,137781.57,939837.596
603259.SH,20230719,68.0,68.49,67.41,67.87,68.02,-0.15,-0.2205,138348.44,938133.659
603259.SH,20230718,66.42,68.26,65.66,68.02,65.86,2.16,3.2797,273259.15,1832154.233
603259.SH,20230717,67.02,67.09,65.0,65.86,67.66,-1.8,-2.6604,162011.8,1064272.134
603259.SH,20230714,67.14,68.29,66.92,67.66,67.13,0.53,0.7895,206724.64,1395088.048
603259.SH,20230713,63.95,67.4,63.95,67.13,63.4,3.73,5.8833,424482.53,2812288.839
603259.SH,20230712,63.67,64.14,63.21,63.4,63.9,-0.5,-0.7825,114687.45,729446.49
603259.SH,20230711,63.83,64.1,62.8,63.9,63.6,0.3,0.4717,102316.97,649580.581
603259.SH,20230710,63.6,64.75,63.37,63.6,63.01,0.59,0.9364,148613.69,950519.065
603259.SH,20230707,63.18,63.68,62.8,63.01,63.48,-0.47,-0.7404,116367.26,734004.728
603259.SH,20230706,64.5,64.5,63.11,63.48,64.54,-1.06,-1.6424,142568.08,905252.198
603259.SH,20230705,64.56,64.88,63.87,64.54,64.85,-0.31,-0.478,114994.13,739124.515
603259.SH,20230704,63.58,65.31,62.26,64.85,63.69,1.16,1.8213,272890.41,1747770.978
603259.SH,20230703,62.32,63.97,61.89,63.69,62.31,1.38,2.2147,182456.78,1156907.217
603259.SH,20230630,61.83,62.74,61.52,62.31,61.82,0.49,0.7926,148662.69,925591.814
603259.SH,20230629,62.7,62.98,61.24,61.82,62.64,-0.82,-1.3091,185081.83,1145255.813
603259.SH,20230628,63.73,63.85,62.4,62.64,63.7,-1.06,-1.6641,177414.77,1115353.986
603259.SH,20230627,64.07,64.74,63.24,63.7,64.11,-0.41,-0.6395,163189.75,1042057.3
603259.SH,20230626,62.69,64.96,62.5,64.11,63.3,0.81,1.2796,249489.97,1598642.11
603259.SH,20230621,68.25,68.67,62.88,63.3,68.95,-5.65,-8.1943,660267.02,4252770.517
603259.SH,20230620,69.8,70.83,68.95,68.95,69.8,-0.85,-1.2178,268298.11,1868688.474
603259.SH,20230619,71.49,71.79,69.59,69.8,71.81,-2.01,-2.7991,226934.78,1594282.499
603259.SH,20230616,70.93,72.45,70.91,71.81,70.9,0.91,1.2835,290553.18,2088340.139
603259.SH,20230615,68.05,71.11,68.01,70.9,67.66,3.24,4.7886,343994.05,2402141.19
603259.SH,20230614,68.24,68.57,67.35,67.66,67.92,-0.26,-0.3828,162755.59,1105800.216
603259.SH,20230613,67.94,69.27,67.85,68.81,67.71,1.1,1.6246,190818.09,1308490.235
603259.SH,20230612,67.35,68.6,66.58,67.71,67.44,0.27,0.4004,230518.33,1564777.056
603259.SH,20230609,64.11,67.49,63.8,67.44,64.11,3.33,5.1942,416579.3,2767897.839
603259.SH,20230608,63.18,64.71,62.42,64.11,63.28,0.83,1.3116,192727.9,1227570.644
603259.SH,20230607,65.09,65.18,62.88,63.28,64.45,-1.17,-1.8154,218790.18,1394412.833
603259.SH,20230606,66.1,66.26,64.44,64.45,66.09,-1.64,-2.4815,176577.63,1150335.622
603259.SH,20230605,67.84,67.84,65.6,66.09,67.84,-1.75,-2.5796,195835.36,1294981.83
603259.SH,20230602,67.6,68.47,66.0,67.84,67.1,0.74,1.1028,214215.64,1440243.51
603259.SH,20230601,64.5,68.16,64.3,67.1,65.0,2.1,3.2308,354103.46,2368844.273
603259.SH,20230531,66.3,67.1,64.12,65.0,66.5,-1.5,-2.2556,290613.03,1894367.757
603259.SH,20230530,66.32,67.05,64.26,66.5,66.79,-0.29,-0.4342,225816.98,1483548.376
603259.SH,20230529,66.56,66.88,65.66,66.79,66.02,0.77,1.1663,184190.52,1220658.869
603259.SH,20230526,67.81,67.81,66.0,66.02,67.82,-1.8,-2.6541,196584.42,1310296.876
603259.SH,20230525,68.5,69.02,67.27,67.82,68.8,-0.98,-1.4244,166109.3,1128415.582
603259.SH,20230524,68.75,69.75,68.5,68.8,69.18,-0.38,-0.5493,171684.63,1185505.07
603259.SH,20230523,68.35,70.45,68.3,69.18,68.4,0.78,1.1404,239688.89,1668476.201
603259.SH,20230522,67.8,68.88,66.89,68.4,67.2,1.2,1.7857,201706.63,1375926.275
603259.SH,20230519,66.74,67.65,66.0,67.2,66.82,0.38,0.5687,129924.09,869780.713
603259.SH,20230518,67.8,68.15,66.52,66.82,67.8,-0.98,-1.4454,143259.07,961893.319
603259.SH,20230517,68.71,68.71,67.47,67.8,68.84,-1.04,-1.5107,136527.59,926066.625
603259.SH,20230516,68.87,69.22,68.05,68.84,69.03,-0.19,-0.2752,158136.97,1087263.379
603259.SH,20230515,66.0,69.2,65.82,69.03,66.22,2.81,4.2434,253160.75,1714314.795
603259.SH,20230512,67.55,68.0,66.06,66.22,67.79,-1.57,-2.316,189413.3,1265598.656
603259.SH,20230511,67.1,69.1,66.54,67.79,66.6,1.19,1.7868,315142.62,2142815.408
603259.SH,20230510,66.25,67.11,65.16,66.6,66.49,0.11,0.1654,180746.22,1197960.024
603259.SH,20230509,67.01,67.34,66.04,66.49,67.72,-1.23,-1.8163,182604.1,1216988.239
603259.SH,20230508,66.47,68.37,65.65,67.72,66.47,1.25,1.8805,262814.97,1760805.527
603259.SH,20230505,67.2,67.2,66.0,66.47,67.26,-0.79,-1.1745,155399.25,1032062.392
603259.SH,20230504,67.71,68.28,67.08,67.26,67.53,-0.27,-0.3998,201997.51,1364150.326
603259.SH,20230428,67.22,68.5,66.8,67.53,67.12,0.41,0.6108,242068.69,1632967.661
603259.SH,20230427,68.33,68.71,66.4,67.12,68.33,-1.21,-1.7708,314548.56,2114007.69
603259.SH,20230426,66.89,69.19,66.51,68.33,67.5,0.83,1.2296,380250.78,2591164.942
603259.SH,20230425,75.01,75.01,67.5,67.5,75.0,-7.5,-10.0,721629.67,4998652.428
603259.SH,20230424,77.0,77.5,74.38,75.0,76.41,-1.41,-1.8453,258920.49,1956188.845
603259.SH,20230421,77.75,78.15,76.3,76.41,78.13,-1.72,-2.2015,230334.78,1778208.23
603259.SH,20230420,79.36,80.58,77.55,78.13,79.36,-1.23,-1.5499,265043.83,2088101.602
603259.SH,20230419,80.29,81.2,78.74,79.36,80.82,-1.46,-1.8065,329532.24,2622594.345
603259.SH,20230418,81.03,81.73,79.01,80.82,85.62,-4.8,-5.6062,529235.01,4259710.601
603259.SH,20230417,85.09,86.93,84.5,85.62,85.8,-0.18,-0.2098,222422.05,1899065.41
603259.SH,20230414,86.88,88.83,85.22,85.8,86.18,-0.38,-0.4409,407253.97,3532014.854
603259.SH,20230413,82.94,86.52,81.61,86.18,82.93,3.25,3.919,444085.38,3780646.001
603259.SH,20230412,83.73,84.27,82.28,82.93,83.8,-0.87,-1.0382,189287.85,1570040.042
603259.SH,20230411,85.0,85.39,82.42,83.8,84.61,-0.81,-0.9573,259074.38,2168236.384
603259.SH,20230410,84.42,85.46,83.42,84.61,83.82,0.79,0.9425,352974.57,2987450.231
603259.SH,20230407,78.5,83.99,77.88,83.82,78.6,5.22,6.6412,477282.35,3925997.229
603259.SH,20230406,77.5,78.66,76.88,78.6,77.8,0.8,1.0283,214267.98,1672152.576
603259.SH,20230404,78.0,78.1,75.9,77.8,77.86,-0.06,-0.0771,354267.46,2719534.138
603259.SH,20230403,79.18,79.18,77.08,77.86,79.5,-1.64,-2.0629,325755.12,2541232.542
603259.SH,20230331,81.5,81.69,78.74,79.5,81.49,-1.99,-2.442,295479.37,2357711.583
603259.SH,20230330,80.31,81.78,79.5,81.49,80.14,1.35,1.6846,201099.99,1629756.165
603259.SH,20230329,81.95,81.95,79.98,80.14,81.22,-1.08,-1.3297,169542.64,1366966.099
603259.SH,20230328,82.0,82.0,80.58,81.22,82.03,-0.81,-0.9874,178525.45,1449589.882
603259.SH,20230327,80.97,83.01,78.71,82.03,80.14,1.89,2.3584,358989.9,2928608.585
603259.SH,20230324,80.01,81.9,79.88,80.14,80.28,-0.14,-0.1744,203401.43,1641199.683
603259.SH,20230323,80.72,82.51,79.69,80.28,81.3,-1.02,-1.2546,280614.01,2267912.404
603259.SH,20230322,80.48,82.47,80.1,81.3,80.26,1.04,1.2958,386694.76,3143084.848
603259.SH,20230321,75.06,80.51,75.05,80.26,74.0,6.26,8.4595,565239.97,4421081.388
603259.SH,20230320,74.58,75.21,72.79,74.0,74.15,-0.15,-0.2023,307927.68,2276263.373
603259.SH,20230317,76.88,77.0,73.88,74.15,76.27,-2.12,-2.7796,351859.32,2642052.574
603259.SH,20230316,77.7,78.35,75.89,76.27,78.3,-2.03,-2.5926,260539.26,1999258.27
603259.SH,20230315,79.68,80.71,78.17,78.3,79.02,-0.72,-0.9112,170474.21,1352391.309
603259.SH,20230314,78.63,80.22,78.27,79.02,78.97,0.05,0.0633,165996.46,1311494.071
603259.SH,20230313,79.99,80.0,77.85,78.97,80.22,-1.25,-1.5582,250036.09,1968091.774
603259.SH,20230310,79.8,81.17,78.83,80.22,80.75,-0.53,-0.6563,175742.11,1403970.826
603259.SH,20230309,80.2,81.52,80.11,80.75,79.95,0.8,1.0006,165598.52,1339650.934
603259.SH,20230308,80.5,80.89,79.5,79.95,81.2,-1.25,-1.5394,180973.5,1448645.044
603259.SH,20230307,82.0,83.29,81.03,81.2,82.0,-0.8,-0.9756,176907.33,1450321.205
603259.SH,20230306,83.01,83.62,81.5,82.0,83.25,-1.25,-1.5015,222872.51,1828302.496
603259.SH,20230303,83.98,85.54,83.13,83.25,83.45,-0.2,-0.2397,220031.07,1852316.166
603259.SH,20230302,83.83,84.01,82.9,83.45,83.82,-0.37,-0.4414,138772.54,1158149.153
603259.SH,20230301,82.35,84.06,81.01,83.82,82.68,1.14,1.3788,252480.06,2100512.681
603259.SH,20230228,81.9,82.76,81.61,82.68,81.9,0.78,0.9524,142976.89,1175978.986
603259.SH,20230227,82.3,83.5,81.56,81.9,82.66,-0.76,-0.9194,156227.55,1281218.106
603259.SH,20230224,84.06,84.07,82.55,82.66,84.08,-1.42,-1.6889,152491.05,1267217.594
603259.SH,20230223,83.3,85.38,83.3,84.08,83.9,0.18,0.2145,149751.33,1262456.039
603259.SH,20230222,84.52,85.1,83.74,83.9,85.26,-1.36,-1.5951,150438.92,1268063.52
603259.SH,20230221,86.22,86.46,84.68,85.26,86.22,-0.96,-1.1134,157963.08,1346592.511
603259.SH,20230220,85.58,86.29,84.19,86.22,85.21,1.01,1.1853,189017.23,1609771.114
603259.SH,20230217,85.8,86.9,85.1,85.21,86.1,-0.89,-1.0337,155069.23,1332888.873
603259.SH,20230216,87.4,88.18,85.57,86.1,86.95,-0.85,-0.9776,179907.89,1565511.799
603259.SH,20230215,89.21,89.39,86.5,86.95,89.08,-2.13,-2.3911,200282.73,1746758.05
603259.SH,20230214,89.22,89.84,87.94,89.08,89.3,-0.22,-0.2464,142693.95,1263777.728
603259.SH,20230213,89.0,91.1,88.12,89.3,89.77,-0.47,-0.5236,188009.49,1679166.06
603259.SH,20230210,91.26,91.5,88.88,89.77,91.32,-1.55,-1.6973,156139.18,1399374.249
603259.SH,20230209,90.08,91.6,90.0,91.32,90.73,0.59,0.6503,100841.63,918291.998
603259.SH,20230208,92.0,93.39,90.55,90.73,91.7,-0.97,-1.0578,118061.84,1081226.087
603259.SH,20230207,91.92,93.24,90.69,91.7,91.44,0.26,0.2843,129812.11,1193863.199
603259.SH,20230206,92.6,92.61,89.51,91.44,93.8,-2.36,-2.516,247299.3,2243675.848
603259.SH,20230203,94.23,94.96,92.98,93.8,95.0,-1.2,-1.2632,110656.36,1036474.219
603259.SH,20230202,94.15,97.43,92.8,95.0,93.88,1.12,1.193,205555.23,1965731.585
603259.SH,20230201,93.35,93.98,92.01,93.88,93.25,0.63,0.6756,161939.02,1508277.7
603259.SH,20230131,96.6,98.35,93.03,93.25,96.34,-3.09,-3.2074,235885.29,2226118.54
603259.SH,20230130,100.0,100.0,96.08,96.34,97.5,-1.16,-1.1897,213055.43,2076496.37
603259.SH,20230120,97.2,99.5,96.6,97.5,97.49,0.01,0.0103,159158.16,1563331.932
603259.SH,20230119,94.54,98.8,93.48,97.49,94.73,2.76,2.9135,288929.07,2794371.823
603259.SH,20230118,95.23,95.5,93.88,94.73,95.66,-0.93,-0.9722,137317.2,1298767.576
603259.SH,20230117,98.0,98.7,94.32,95.66,98.18,-2.52,-2.5667,326386.92,3138842.106
603259.SH,20230116,91.11,99.9,90.9,98.18,91.0,7.18,7.8901,501666.42,4857890.331
603259.SH,20230113,91.1,91.4,89.73,91.0,90.92,0.08,0.088,197490.17,1787798.346
603259.SH,20230112,90.73,92.58,90.3,90.92,89.56,1.36,1.5185,200450.08,1830577.052
603259.SH,20230111,89.46,91.78,89.39,89.56,89.53,0.03,0.0335,195200.65,1769103.269
603259.SH,20230110,90.0,90.39,88.6,89.53,89.39,0.14,0.1566,148119.55,1327270.681
603259.SH,20230109,87.65,90.65,87.5,89.39,87.57,1.82,2.0783,235511.17,2104339.843
603259.SH,20230106,87.41,88.18,86.63,87.57,87.97,-0.4,-0.4547,247861.39,2167778.475
603259.SH,20230105,83.68,89.27,82.71,87.97,82.6,5.37,6.5012,427765.99,3706666.512
603259.SH,20230104,82.3,83.8,82.0,82.6,81.69,0.91,1.114,173546.53,1437111.164
603259.SH,20230103,80.86,82.41,79.41,81.69,81.0,0.69,0.8519,181706.91,1477934.229
