index_code,con_code,trade_date,weight
000016.SH,600519.SH,20260529,9.221
000016.SH,601318.SH,20260529,6.334
000016.SH,601899.SH,20260529,5.568
000016.SH,600036.SH,20260529,5.225
000016.SH,688256.SH,20260529,4.571
000016.SH,600900.SH,20260529,3.771
000016.SH,601166.SH,20260529,3.479
000016.SH,688008.SH,20260529,3.218
000016.SH,688981.SH,20260529,3.107
000016.SH,688041.SH,20260529,3.035
000016.SH,600030.SH,20260529,2.824
000016.SH,603259.SH,20260529,2.791
000016.SH,601398.SH,20260529,2.594
000016.SH,600276.SH,20260529,2.489
000016.SH,688012.SH,20260529,2.159
000016.SH,601288.SH,20260529,2.017
000016.SH,601328.SH,20260529,1.973
000016.SH,601211.SH,20260529,1.93
000016.SH,600887.SH,20260529,1.891
000016.SH,600150.SH,20260529,1.875
000016.SH,601088.SH,20260529,1.861
000016.SH,603993.SH,20260529,1.795
000016.SH,601816.SH,20260529,1.637
000016.SH,600309.SH,20260529,1.532
000016.SH,603019.SH,20260529,1.434
000016.SH,601857.SH,20260529,1.368
000016.SH,600111.SH,20260529,1.366
000016.SH,601601.SH,20260529,1.223
000016.SH,600031.SH,20260529,1.182
000016.SH,600406.SH,20260529,1.111
000016.SH,601225.SH,20260529,1.109
000016.SH,601668.SH,20260529,1.108
000016.SH,601728.SH,20260529,1.043
000016.SH,601919.SH,20260529,0.99
000016.SH,601012.SH,20260529,0.935
000016.SH,601988.SH,20260529,0.932
000016.SH,603501.SH,20260529,0.893
000016.SH,600690.SH,20260529,0.87
000016.SH,601985.SH,20260529,0.826
000016.SH,600028.SH,20260529,0.785
000016.SH,600050.SH,20260529,0.755
000016.SH,601127.SH,20260529,0.739
000016.SH,600809.SH,20260529,0.695
000016.SH,601888.SH,20260529,0.646
000016.SH,600104.SH,20260529,0.629
000016.SH,601628.SH,20260529,0.626
000016.SH,688111.SH,20260529,0.613
000016.SH,601658.SH,20260529,0.61
000016.SH,600760.SH,20260529,0.406
000016.SH,600930.SH,20260529,0.209
000016.SH,600519.SH,20260430,9.422
000016.SH,601318.SH,20260430,6.877
000016.SH,601899.SH,20260430,5.96
000016.SH,600036.SH,20260430,5.147
000016.SH,688256.SH,20260430,3.895
000016.SH,600900.SH,20260430,3.632
000016.SH,601166.SH,20260430,3.299
000016.SH,688041.SH,20260430,2.993
000016.SH,603259.SH,20260430,2.944
000016.SH,600030.SH,20260430,2.887
000016.SH,601398.SH,20260430,2.619
000016.SH,600276.SH,20260430,2.614
000016.SH,688981.SH,20260430,2.58
000016.SH,601288.SH,20260430,2.161
000016.SH,688008.SH,20260430,2.157
000016.SH,600150.SH,20260430,2.049
000016.SH,601211.SH,20260430,1.979
000016.SH,601328.SH,20260430,1.971
000016.SH,600887.SH,20260430,1.887
000016.SH,601088.SH,20260430,1.863
000016.SH,600309.SH,20260430,1.828
000016.SH,688012.SH,20260430,1.792
000016.SH,603993.SH,20260430,1.766
000016.SH,601816.SH,20260430,1.563
000016.SH,601857.SH,20260430,1.505
000016.SH,603019.SH,20260430,1.478
000016.SH,600111.SH,20260430,1.459
000016.SH,601601.SH,20260430,1.385
000016.SH,600031.SH,20260430,1.312
000016.SH,600406.SH,20260430,1.133
000016.SH,601668.SH,20260430,1.102
000016.SH,601225.SH,20260430,1.101
000016.SH,601012.SH,20260430,1.084
000016.SH,601728.SH,20260430,1.017
000016.SH,601919.SH,20260430,0.967
000016.SH,603501.SH,20260430,0.904
000016.SH,601988.SH,20260430,0.894
000016.SH,600690.SH,20260430,0.878
000016.SH,600028.SH,20260430,0.853
000016.SH,601985.SH,20260430,0.804
000016.SH,601127.SH,20260430,0.788
000016.SH,600050.SH,20260430,0.768
000016.SH,600809.SH,20260430,0.76
000016.SH,601888.SH,20260430,0.696
000016.SH,600104.SH,20260430,0.689
000016.SH,601628.SH,20260430,0.664
000016.SH,688111.SH,20260430,0.634
000016.SH,601658.SH,20260430,0.607
000016.SH,600760.SH,20260430,0.434
000016.SH,600930.SH,20260430,0.196
000016.SH,600519.SH,20260331,10.422
000016.SH,601318.SH,20260331,6.948
000016.SH,601899.SH,20260331,6.187
000016.SH,600036.SH,20260331,5.587
000016.SH,600900.SH,20260331,3.798
000016.SH,601166.SH,20260331,3.658
000016.SH,601398.SH,20260331,2.838
000016.SH,600276.SH,20260331,2.831
000016.SH,603259.SH,20260331,2.785
000016.SH,600030.SH,20260331,2.694
000016.SH,688256.SH,20260331,2.379
000016.SH,688041.SH,20260331,2.244
000016.SH,601288.SH,20260331,2.21
000016.SH,688981.SH,20260331,2.159
000016.SH,601211.SH,20260331,2.152
000016.SH,601328.SH,20260331,2.144
000016.SH,601088.SH,20260331,1.916
000016.SH,600887.SH,20260331,1.913
000016.SH,603993.SH,20260331,1.719
000016.SH,600309.SH,20260331,1.713
000016.SH,601816.SH,20260331,1.705
000016.SH,688008.SH,20260331,1.647
000016.SH,600150.SH,20260331,1.599
000016.SH,601857.SH,20260331,1.586
000016.SH,688012.SH,20260331,1.542
000016.SH,601601.SH,20260331,1.457
000016.SH,600111.SH,20260331,1.385
000016.SH,603019.SH,20260331,1.32
000016.SH,600031.SH,20260331,1.309
000016.SH,601012.SH,20260331,1.221
000016.SH,600406.SH,20260331,1.198
000016.SH,601668.SH,20260331,1.188
000016.SH,601225.SH,20260331,1.139
000016.SH,601919.SH,20260331,1.086
000016.SH,601728.SH,20260331,1.011
000016.SH,600028.SH,20260331,0.984
000016.SH,601988.SH,20260331,0.965
000016.SH,603501.SH,20260331,0.923
000016.SH,600690.SH,20260331,0.921
000016.SH,601985.SH,20260331,0.855
000016.SH,601127.SH,20260331,0.852
000016.SH,600809.SH,20260331,0.801
000016.SH,600050.SH,20260331,0.799
000016.SH,601888.SH,20260331,0.789
000016.SH,600104.SH,20260331,0.77
000016.SH,601628.SH,20260331,0.695
000016.SH,601658.SH,20260331,0.649
000016.SH,688111.SH,20260331,0.621
000016.SH,600760.SH,20260331,0.479
000016.SH,600930.SH,20260331,0.211
000016.SH,600519.SH,20260227,9.739
000016.SH,601318.SH,20260227,7.19
000016.SH,601899.SH,20260227,6.964
000016.SH,600036.SH,20260227,5.127
000016.SH,600900.SH,20260227,3.406
000016.SH,601166.SH,20260227,3.314
000016.SH,600030.SH,20260227,2.856
000016.SH,600276.SH,20260227,2.7
000016.SH,688256.SH,20260227,2.655
000016.SH,688041.SH,20260227,2.595
000016.SH,603259.SH,20260227,2.591
000016.SH,688981.SH,20260227,2.458
000016.SH,601398.SH,20260227,2.393
000016.SH,601211.SH,20260227,2.286
000016.SH,603993.SH,20260227,2.239
000016.SH,688008.SH,20260227,2.002
000016.SH,601288.SH,20260227,1.966
000016.SH,601328.SH,20260227,1.868
000016.SH,600309.SH,20260227,1.867
000016.SH,600150.SH,20260227,1.822
000016.SH,600887.SH,20260227,1.764
000016.SH,600111.SH,20260227,1.688
000016.SH,688012.SH,20260227,1.652
000016.SH,601816.SH,20260227,1.553
000016.SH,601601.SH,20260227,1.493
000016.SH,601088.SH,20260227,1.49
000016.SH,600031.SH,20260227,1.468
000016.SH,603019.SH,20260227,1.442
000016.SH,601857.SH,20260227,1.316
000016.SH,601012.SH,20260227,1.187
000016.SH,600406.SH,20260227,1.172
000016.SH,601668.SH,20260227,1.113
000016.SH,603501.SH,20260227,1.113
000016.SH,600690.SH,20260227,1.031
000016.SH,601919.SH,20260227,1.012
000016.SH,600028.SH,20260227,1.006
000016.SH,601225.SH,20260227,0.983
000016.SH,601728.SH,20260227,0.961
000016.SH,601127.SH,20260227,0.937
000016.SH,601888.SH,20260227,0.841
000016.SH,600809.SH,20260227,0.841
000016.SH,600050.SH,20260227,0.822
000016.SH,601988.SH,20260227,0.808
000016.SH,601628.SH,20260227,0.792
000016.SH,601985.SH,20260227,0.749
000016.SH,688111.SH,20260227,0.746
000016.SH,600104.SH,20260227,0.704
000016.SH,601658.SH,20260227,0.586
000016.SH,600760.SH,20260227,0.503
000016.SH,600930.SH,20260227,0.188
000016.SH,600519.SH,20260130,9.295
000016.SH,601318.SH,20260130,7.54
000016.SH,601899.SH,20260130,7.005
000016.SH,600036.SH,20260130,5.071
000016.SH,600900.SH,20260130,3.417
000016.SH,601166.SH,20260130,3.355
000016.SH,600030.SH,20260130,2.904
000016.SH,688256.SH,20260130,2.812
000016.SH,600276.SH,20260130,2.752
000016.SH,688041.SH,20260130,2.605
000016.SH,688981.SH,20260130,2.605
000016.SH,603259.SH,20260130,2.495
000016.SH,601398.SH,20260130,2.485
000016.SH,601211.SH,20260130,2.374
000016.SH,603993.SH,20260130,2.251
000016.SH,688008.SH,20260130,2.207
000016.SH,601288.SH,20260130,2.046
000016.SH,601328.SH,20260130,1.871
000016.SH,600887.SH,20260130,1.765
000016.SH,600309.SH,20260130,1.751
000016.SH,601601.SH,20260130,1.652
000016.SH,688012.SH,20260130,1.616
000016.SH,600150.SH,20260130,1.605
000016.SH,601816.SH,20260130,1.515
000016.SH,601088.SH,20260130,1.465
000016.SH,603019.SH,20260130,1.392
000016.SH,600111.SH,20260130,1.383
000016.SH,600031.SH,20260130,1.378
000016.SH,601857.SH,20260130,1.323
000016.SH,601012.SH,20260130,1.149
000016.SH,601668.SH,20260130,1.103
000016.SH,603501.SH,20260130,1.087
000016.SH,600406.SH,20260130,1.072
000016.SH,600028.SH,20260130,1.005
000016.SH,600690.SH,20260130,0.998
000016.SH,601728.SH,20260130,0.987
000016.SH,601919.SH,20260130,0.961
000016.SH,601888.SH,20260130,0.924
000016.SH,601225.SH,20260130,0.915
000016.SH,601127.SH,20260130,0.901
000016.SH,600809.SH,20260130,0.884
000016.SH,601628.SH,20260130,0.878
000016.SH,600050.SH,20260130,0.846
000016.SH,688111.SH,20260130,0.827
000016.SH,601988.SH,20260130,0.815
000016.SH,601985.SH,20260130,0.751
000016.SH,600104.SH,20260130,0.689
000016.SH,601658.SH,20260130,0.591
000016.SH,600760.SH,20260130,0.495
000016.SH,600930.SH,20260130,0.186
000016.SH,600519.SH,20251231,9.243
000016.SH,601318.SH,20251231,7.816
000016.SH,601899.SH,20251231,6.086
000016.SH,600036.SH,20251231,5.586
000016.SH,601166.SH,20251231,3.822
000016.SH,600900.SH,20251231,3.566
000016.SH,688256.SH,20251231,3.064
000016.SH,600030.SH,20251231,3.004
000016.SH,600276.SH,20251231,2.851
000016.SH,601398.SH,20251231,2.75
000016.SH,688981.SH,20251231,2.633
000016.SH,601211.SH,20251231,2.489
000016.SH,603259.SH,20251231,2.403
000016.SH,601288.SH,20251231,2.365
000016.SH,688041.SH,20251231,2.237
000016.SH,601328.SH,20251231,2.073
000016.SH,600887.SH,20251231,1.939
000016.SH,603993.SH,20251231,1.872
000016.SH,601816.SH,20251231,1.621
000016.SH,600150.SH,20251231,1.61
000016.SH,600309.SH,20251231,1.544
000016.SH,601601.SH,20251231,1.538
000016.SH,688008.SH,20251231,1.446
000016.SH,601088.SH,20251231,1.432
000016.SH,600031.SH,20251231,1.344
000016.SH,603019.SH,20251231,1.343
000016.SH,688012.SH,20251231,1.281
000016.SH,601857.SH,20251231,1.265
000016.SH,600111.SH,20251231,1.251
000016.SH,601012.SH,20251231,1.183
000016.SH,603501.SH,20251231,1.143
000016.SH,601668.SH,20251231,1.136
000016.SH,601127.SH,20251231,1.059
000016.SH,601728.SH,20251231,1.049
000016.SH,600690.SH,20251231,1.049
000016.SH,601919.SH,20251231,1.026
000016.SH,601888.SH,20251231,0.99
000016.SH,600406.SH,20251231,0.968
000016.SH,600028.SH,20251231,0.965
000016.SH,600809.SH,20251231,0.898
000016.SH,601225.SH,20251231,0.886
000016.SH,601988.SH,20251231,0.879
000016.SH,600050.SH,20251231,0.856
000016.SH,601628.SH,20251231,0.813
000016.SH,601985.SH,20251231,0.763
000016.SH,688111.SH,20251231,0.762
000016.SH,600104.SH,20251231,0.75
000016.SH,601658.SH,20251231,0.644
000016.SH,600760.SH,20251231,0.512
000016.SH,600930.SH,20251231,0.197
000016.SH,600519.SH,20251128,9.964
000016.SH,601318.SH,20251128,6.944
000016.SH,600036.SH,20251128,5.814
000016.SH,601899.SH,20251128,5.149
000016.SH,601166.SH,20251128,3.837
000016.SH,600900.SH,20251128,3.744
000016.SH,601398.SH,20251128,3.109
000016.SH,688256.SH,20251128,3.039
000016.SH,600276.SH,20251128,3.032
000016.SH,600030.SH,20251128,2.945
000016.SH,601288.SH,20251128,2.807
000016.SH,603259.SH,20251128,2.494
000016.SH,688981.SH,20251128,2.47
000016.SH,601211.SH,20251128,2.368
000016.SH,601328.SH,20251128,2.214
000016.SH,688041.SH,20251128,2.21
000016.SH,600887.SH,20251128,2.033
000016.SH,600150.SH,20251128,1.697
000016.SH,601816.SH,20251128,1.634
000016.SH,601088.SH,20251128,1.484
000016.SH,688008.SH,20251128,1.484
000016.SH,600309.SH,20251128,1.383
000016.SH,600031.SH,20251128,1.318
000016.SH,601601.SH,20251128,1.301
000016.SH,688012.SH,20251128,1.283
000016.SH,603993.SH,20251128,1.247
000016.SH,601012.SH,20251128,1.231
000016.SH,601857.SH,20251128,1.209
000016.SH,601668.SH,20251128,1.175
000016.SH,601728.SH,20251128,1.165
000016.SH,600690.SH,20251128,1.132
000016.SH,601127.SH,20251128,1.127
000016.SH,603501.SH,20251128,1.113
000016.SH,600941.SH,20251128,1.063
000016.SH,600809.SH,20251128,1.037
000016.SH,601919.SH,20251128,1.007
000016.SH,600406.SH,20251128,0.973
000016.SH,601766.SH,20251128,0.967
000016.SH,601225.SH,20251128,0.962
000016.SH,601988.SH,20251128,0.95
000016.SH,600050.SH,20251128,0.923
000016.SH,600028.SH,20251128,0.922
000016.SH,601600.SH,20251128,0.911
000016.SH,601888.SH,20251128,0.844
000016.SH,601628.SH,20251128,0.793
000016.SH,688111.SH,20251128,0.789
000016.SH,601985.SH,20251128,0.777
000016.SH,600760.SH,20251128,0.708
000016.SH,601658.SH,20251128,0.685
000016.SH,600048.SH,20251128,0.531
000016.SH,600519.SH,20251031,9.687
000016.SH,601318.SH,20251031,6.713
000016.SH,600036.SH,20251031,5.458
000016.SH,601899.SH,20251031,5.418
000016.SH,600900.SH,20251031,3.708
000016.SH,601166.SH,20251031,3.626
000016.SH,688256.SH,20251031,3.095
000016.SH,600030.SH,20251031,3.093
000016.SH,600276.SH,20251031,3.089
000016.SH,601398.SH,20251031,2.941
000016.SH,601288.SH,20251031,2.741
000016.SH,603259.SH,20251031,2.681
000016.SH,688981.SH,20251031,2.663
000016.SH,601211.SH,20251031,2.362
000016.SH,688041.SH,20251031,2.3
000016.SH,601328.SH,20251031,2.066
000016.SH,600887.SH,20251031,1.87
000016.SH,600150.SH,20251031,1.748
000016.SH,688008.SH,20251031,1.683
000016.SH,601816.SH,20251031,1.643
000016.SH,601088.SH,20251031,1.512
000016.SH,600031.SH,20251031,1.417
000016.SH,601012.SH,20251031,1.38
000016.SH,601127.SH,20251031,1.367
000016.SH,688012.SH,20251031,1.318
000016.SH,601601.SH,20251031,1.31
000016.SH,603993.SH,20251031,1.291
000016.SH,600309.SH,20251031,1.272
000016.SH,601668.SH,20251031,1.21
000016.SH,603501.SH,20251031,1.201
000016.SH,601728.SH,20251031,1.12
000016.SH,601857.SH,20251031,1.119
000016.SH,600690.SH,20251031,1.085
000016.SH,600406.SH,20251031,1.049
000016.SH,600941.SH,20251031,1.03
000016.SH,601919.SH,20251031,1.021
000016.SH,601766.SH,20251031,1.006
000016.SH,600809.SH,20251031,1.003
000016.SH,601225.SH,20251031,0.949
000016.SH,600050.SH,20251031,0.914
000016.SH,688111.SH,20251031,0.897
000016.SH,601988.SH,20251031,0.866
000016.SH,600028.SH,20251031,0.86
000016.SH,601600.SH,20251031,0.854
000016.SH,601888.SH,20251031,0.801
000016.SH,601985.SH,20251031,0.797
000016.SH,601628.SH,20251031,0.79
000016.SH,600760.SH,20251031,0.726
000016.SH,601658.SH,20251031,0.684
000016.SH,600048.SH,20251031,0.568
000016.SH,600519.SH,20250930,9.856
000016.SH,601318.SH,20250930,6.445
000016.SH,600036.SH,20250930,5.435
000016.SH,601899.SH,20250930,5.269
000016.SH,600900.SH,20250930,3.623
000016.SH,601166.SH,20250930,3.585
000016.SH,600276.SH,20250930,3.472
000016.SH,600030.SH,20250930,3.171
000016.SH,603259.SH,20250930,3.045
000016.SH,688981.SH,20250930,3.028
000016.SH,688256.SH,20250930,3.005
000016.SH,601398.SH,20250930,2.78
000016.SH,688041.SH,20250930,2.552
000016.SH,601211.SH,20250930,2.317
000016.SH,601288.SH,20250930,2.314
000016.SH,601328.SH,20250930,1.948
000016.SH,688008.SH,20250930,1.926
000016.SH,600887.SH,20250930,1.875
000016.SH,600150.SH,20250930,1.698
000016.SH,601816.SH,20250930,1.636
000016.SH,601127.SH,20250930,1.523
000016.SH,600031.SH,20250930,1.498
000016.SH,688012.SH,20250930,1.421
000016.SH,603501.SH,20250930,1.399
000016.SH,601088.SH,20250930,1.38
000016.SH,600309.SH,20250930,1.363
000016.SH,601601.SH,20250930,1.306
000016.SH,601668.SH,20250930,1.224
000016.SH,603993.SH,20250930,1.199
000016.SH,601012.SH,20250930,1.186
000016.SH,601728.SH,20250930,1.124
000016.SH,600690.SH,20250930,1.033
000016.SH,600809.SH,20250930,1.029
000016.SH,600941.SH,20250930,1.027
000016.SH,600406.SH,20250930,1.002
000016.SH,601857.SH,20250930,0.993
000016.SH,601766.SH,20250930,0.987
000016.SH,601919.SH,20250930,0.982
000016.SH,600050.SH,20250930,0.934
000016.SH,600760.SH,20250930,0.86
000016.SH,601225.SH,20250930,0.843
000016.SH,600028.SH,20250930,0.838
000016.SH,601988.SH,20250930,0.806
000016.SH,688111.SH,20250930,0.796
000016.SH,601985.SH,20250930,0.779
000016.SH,601888.SH,20250930,0.759
000016.SH,601628.SH,20250930,0.718
000016.SH,601600.SH,20250930,0.71
000016.SH,601658.SH,20250930,0.689
000016.SH,600048.SH,20250930,0.613
000016.SH,600519.SH,20250829,10.244
000016.SH,601318.SH,20250829,7.102
000016.SH,600036.SH,20250829,5.85
000016.SH,601899.SH,20250829,4.189
000016.SH,601166.SH,20250829,4.104
000016.SH,600900.SH,20250829,3.787
000016.SH,688256.SH,20250829,3.433
000016.SH,600030.SH,20250829,3.386
000016.SH,600276.SH,20250829,3.259
000016.SH,601398.SH,20250829,2.87
000016.SH,603259.SH,20250829,2.847
000016.SH,601211.SH,20250829,2.611
000016.SH,688981.SH,20250829,2.515
000016.SH,601288.SH,20250829,2.47
000016.SH,601328.SH,20250829,2.137
000016.SH,688041.SH,20250829,1.993
000016.SH,600887.SH,20250829,1.991
000016.SH,601816.SH,20250829,1.727
000016.SH,688008.SH,20250829,1.55
000016.SH,601601.SH,20250829,1.52
000016.SH,600309.SH,20250829,1.424
000016.SH,600031.SH,20250829,1.375
000016.SH,601088.SH,20250829,1.362
000016.SH,603501.SH,20250829,1.345
000016.SH,601728.SH,20250829,1.302
000016.SH,601668.SH,20250829,1.273
000016.SH,601127.SH,20250829,1.232
000016.SH,601012.SH,20250829,1.147
000016.SH,601857.SH,20250829,1.089
000016.SH,600941.SH,20250829,1.089
000016.SH,600690.SH,20250829,1.086
000016.SH,600809.SH,20250829,1.086
000016.SH,601919.SH,20250829,1.062
000016.SH,688012.SH,20250829,1.033
000016.SH,601766.SH,20250829,1.028
000016.SH,600050.SH,20250829,0.982
000016.SH,600406.SH,20250829,0.963
000016.SH,603993.SH,20250829,0.957
000016.SH,600150.SH,20250829,0.921
000016.SH,600028.SH,20250829,0.918
000016.SH,601988.SH,20250829,0.871
000016.SH,601225.SH,20250829,0.871
000016.SH,688111.SH,20250829,0.854
000016.SH,601985.SH,20250829,0.808
000016.SH,601628.SH,20250829,0.773
000016.SH,600760.SH,20250829,0.771
000016.SH,601888.SH,20250829,0.745
000016.SH,601658.SH,20250829,0.734
000016.SH,601600.SH,20250829,0.684
000016.SH,600048.SH,20250829,0.63
000016.SH,600519.SH,20250731,10.551
000016.SH,601318.SH,20250731,7.464
000016.SH,600036.SH,20250731,6.505
000016.SH,601166.SH,20250731,4.446
000016.SH,600900.SH,20250731,4.024
000016.SH,601899.SH,20250731,3.727
000016.SH,600030.SH,20250731,3.347
000016.SH,600276.SH,20250731,3.319
000016.SH,601398.SH,20250731,3.131
000016.SH,603259.SH,20250731,2.845
000016.SH,601211.SH,20250731,2.71
000016.SH,601328.SH,20250731,2.411
000016.SH,601288.SH,20250731,2.376
000016.SH,688981.SH,20250731,2.103
000016.SH,600887.SH,20250731,2.049
000016.SH,601816.SH,20250731,1.873
000016.SH,688256.SH,20250731,1.75
000016.SH,688041.SH,20250731,1.529
000016.SH,601601.SH,20250731,1.515
000016.SH,601088.SH,20250731,1.487
000016.SH,600031.SH,20250731,1.398
000016.SH,600309.SH,20250731,1.387
000016.SH,601668.SH,20250731,1.382
000016.SH,601728.SH,20250731,1.374
000016.SH,601127.SH,20250731,1.225
000016.SH,603501.SH,20250731,1.221
000016.SH,601857.SH,20250731,1.188
000016.SH,601919.SH,20250731,1.165
000016.SH,600941.SH,20250731,1.158
000016.SH,688008.SH,20250731,1.15
000016.SH,601012.SH,20250731,1.129
000016.SH,600690.SH,20250731,1.101
000016.SH,601766.SH,20250731,1.062
000016.SH,600406.SH,20250731,1.038
000016.SH,600028.SH,20250731,1.036
000016.SH,600809.SH,20250731,1.032
000016.SH,688012.SH,20250731,1.022
000016.SH,600050.SH,20250731,0.99
000016.SH,601988.SH,20250731,0.939
000016.SH,601225.SH,20250731,0.923
000016.SH,600150.SH,20250731,0.907
000016.SH,601985.SH,20250731,0.893
000016.SH,688111.SH,20250731,0.858
000016.SH,600760.SH,20250731,0.843
000016.SH,601628.SH,20250731,0.805
000016.SH,601888.SH,20250731,0.749
000016.SH,601658.SH,20250731,0.748
000016.SH,603993.SH,20250731,0.742
000016.SH,601600.SH,20250731,0.696
000016.SH,600048.SH,20250731,0.677
000016.SH,600519.SH,20250630,10.708
000016.SH,601318.SH,20250630,7.222
000016.SH,600036.SH,20250630,6.879
000016.SH,601166.SH,20250630,4.692
000016.SH,600900.SH,20250630,4.46
000016.SH,601899.SH,20250630,3.885
000016.SH,600030.SH,20250630,3.261
000016.SH,601398.SH,20250630,3.218
000016.SH,600276.SH,20250630,2.803
000016.SH,601211.SH,20250630,2.618
000016.SH,601328.SH,20250630,2.581
000016.SH,601288.SH,20250630,2.27
000016.SH,600887.SH,20250630,2.133
000016.SH,688981.SH,20250630,2.12
000016.SH,603259.SH,20250630,2.104
000016.SH,601816.SH,20250630,2.042
000016.SH,601088.SH,20250630,1.617
000016.SH,688041.SH,20250630,1.589
000016.SH,601601.SH,20250630,1.553
000016.SH,688256.SH,20250630,1.518
000016.SH,601728.SH,20250630,1.455
000016.SH,601668.SH,20250630,1.442
000016.SH,601127.SH,20250630,1.327
000016.SH,603501.SH,20250630,1.315
000016.SH,600031.SH,20250630,1.288
000016.SH,600309.SH,20250630,1.236
000016.SH,600941.SH,20250630,1.229
000016.SH,601857.SH,20250630,1.172
000016.SH,601919.SH,20250630,1.147
000016.SH,688008.SH,20250630,1.135
000016.SH,600690.SH,20250630,1.125
000016.SH,601012.SH,20250630,1.101
000016.SH,600406.SH,20250630,1.089
000016.SH,600809.SH,20250630,1.041
000016.SH,601766.SH,20250630,1.036
000016.SH,600050.SH,20250630,1.01
000016.SH,600028.SH,20250630,0.995
000016.SH,601988.SH,20250630,0.973
000016.SH,688012.SH,20250630,0.965
000016.SH,601985.SH,20250630,0.927
000016.SH,601225.SH,20250630,0.902
000016.SH,600150.SH,20250630,0.88
000016.SH,601628.SH,20250630,0.83
000016.SH,688111.SH,20250630,0.784
000016.SH,600760.SH,20250630,0.782
000016.SH,601658.SH,20250630,0.729
000016.SH,601888.SH,20250630,0.72
000016.SH,603993.SH,20250630,0.716
000016.SH,600048.SH,20250630,0.704
000016.SH,601600.SH,20250630,0.675
000016.SH,600519.SH,20250530,12.072
000016.SH,601318.SH,20250530,7.241
000016.SH,600036.SH,20250530,6.788
000016.SH,600900.SH,20250530,4.666
000016.SH,601166.SH,20250530,4.157
000016.SH,601899.SH,20250530,3.688
000016.SH,600030.SH,20250530,3.145
000016.SH,601398.SH,20250530,3.129
000016.SH,600276.SH,20250530,3.087
000016.SH,600887.SH,20250530,2.436
000016.SH,601328.SH,20250530,2.26
000016.SH,601288.SH,20250530,2.229
000016.SH,601816.SH,20250530,2.18
000016.SH,688981.SH,20250530,2.061
000016.SH,603259.SH,20250530,2.006
000016.SH,601088.SH,20250530,1.648
000016.SH,688041.SH,20250530,1.598
000016.SH,688256.SH,20250530,1.591
000016.SH,601728.SH,20250530,1.574
000016.SH,601668.SH,20250530,1.492
000016.SH,601601.SH,20250530,1.488
000016.SH,601988.SH,20250530,1.469
000016.SH,600031.SH,20250530,1.411
000016.SH,601127.SH,20250530,1.403
000016.SH,603501.SH,20250530,1.339
000016.SH,600941.SH,20250530,1.332
000016.SH,601919.SH,20250530,1.321
000016.SH,600309.SH,20250530,1.288
000016.SH,601857.SH,20250530,1.187
000016.SH,600690.SH,20250530,1.187
000016.SH,600809.SH,20250530,1.136
000016.SH,600406.SH,20250530,1.125
000016.SH,601766.SH,20250530,1.106
000016.SH,601012.SH,20250530,1.101
000016.SH,600050.SH,20250530,1.076
000016.SH,600028.SH,20250530,1.065
000016.SH,601225.SH,20250530,1.022
000016.SH,601985.SH,20250530,0.995
000016.SH,688012.SH,20250530,0.963
000016.SH,603288.SH,20250530,0.936
000016.SH,600150.SH,20250530,0.866
000016.SH,688111.SH,20250530,0.823
000016.SH,601628.SH,20250530,0.805
000016.SH,601658.SH,20250530,0.747
000016.SH,601888.SH,20250530,0.747
000016.SH,600048.SH,20250530,0.737
000016.SH,601390.SH,20250530,0.725
000016.SH,603993.SH,20250530,0.642
000016.SH,600438.SH,20250530,0.556
000016.SH,601633.SH,20250530,0.354
000016.SH,600519.SH,20250430,12.482
000016.SH,601318.SH,20250430,7.011
000016.SH,600036.SH,20250430,6.478
000016.SH,600900.SH,20250430,4.636
000016.SH,601166.SH,20250430,3.899
000016.SH,601899.SH,20250430,3.694
000016.SH,601398.SH,20250430,3.156
000016.SH,600030.SH,20250430,3.145
000016.SH,600276.SH,20250430,2.931
000016.SH,600887.SH,20250430,2.434
000016.SH,688981.SH,20250430,2.275
000016.SH,601328.SH,20250430,2.26
000016.SH,601288.SH,20250430,2.223
000016.SH,601816.SH,20250430,2.199
000016.SH,603259.SH,20250430,1.901
000016.SH,688256.SH,20250430,1.887
000016.SH,688041.SH,20250430,1.775
000016.SH,601088.SH,20250430,1.623
000016.SH,601728.SH,20250430,1.534
000016.SH,601988.SH,20250430,1.497
000016.SH,601668.SH,20250430,1.473
000016.SH,600031.SH,20250430,1.44
000016.SH,603501.SH,20250430,1.439
000016.SH,601127.SH,20250430,1.367
000016.SH,600309.SH,20250430,1.317
000016.SH,601601.SH,20250430,1.312
000016.SH,600941.SH,20250430,1.302
000016.SH,600809.SH,20250430,1.279
000016.SH,600690.SH,20250430,1.195
000016.SH,601919.SH,20250430,1.177
000016.SH,601857.SH,20250430,1.163
000016.SH,601012.SH,20250430,1.145
000016.SH,600406.SH,20250430,1.143
000016.SH,601766.SH,20250430,1.097
000016.SH,600050.SH,20250430,1.087
000016.SH,600028.SH,20250430,1.06
000016.SH,688012.SH,20250430,1.054
000016.SH,601985.SH,20250430,0.975
000016.SH,601225.SH,20250430,0.955
000016.SH,603288.SH,20250430,0.898
000016.SH,688111.SH,20250430,0.871
000016.SH,600150.SH,20250430,0.841
000016.SH,601888.SH,20250430,0.795
000016.SH,601628.SH,20250430,0.777
000016.SH,600048.SH,20250430,0.772
000016.SH,601658.SH,20250430,0.73
000016.SH,601390.SH,20250430,0.728
000016.SH,603993.SH,20250430,0.641
000016.SH,600438.SH,20250430,0.566
000016.SH,601633.SH,20250430,0.361
000016.SH,600519.SH,20250331,12.454
000016.SH,601318.SH,20250331,7.058
000016.SH,600036.SH,20250331,6.806
000016.SH,600900.SH,20250331,4.322
000016.SH,601166.SH,20250331,3.99
000016.SH,601899.SH,20250331,3.791
000016.SH,600030.SH,20250331,3.288
000016.SH,601398.SH,20250331,3.067
000016.SH,600276.SH,20250331,2.791
000016.SH,600887.SH,20250331,2.271
000016.SH,688981.SH,20250331,2.256
000016.SH,601328.SH,20250331,2.229
000016.SH,603259.SH,20250331,2.139
000016.SH,601288.SH,20250331,2.101
000016.SH,601816.SH,20250331,2.085
000016.SH,688041.SH,20250331,1.669
000016.SH,688256.SH,20250331,1.652
000016.SH,600309.SH,20250331,1.608
000016.SH,601088.SH,20250331,1.607
000016.SH,601728.SH,20250331,1.548
000016.SH,601988.SH,20250331,1.499
000016.SH,600031.SH,20250331,1.437
000016.SH,603501.SH,20250331,1.435
000016.SH,601601.SH,20250331,1.398
000016.SH,601668.SH,20250331,1.39
000016.SH,600809.SH,20250331,1.328
000016.SH,600690.SH,20250331,1.303
000016.SH,600941.SH,20250331,1.231
000016.SH,601012.SH,20250331,1.221
000016.SH,601127.SH,20250331,1.207
000016.SH,601857.SH,20250331,1.183
000016.SH,601919.SH,20250331,1.179
000016.SH,600050.SH,20250331,1.123
000016.SH,600406.SH,20250331,1.117
000016.SH,601766.SH,20250331,1.091
000016.SH,600028.SH,20250331,1.062
000016.SH,688012.SH,20250331,1.02
000016.SH,601225.SH,20250331,0.976
000016.SH,601985.SH,20250331,0.962
000016.SH,688111.SH,20250331,0.879
000016.SH,600150.SH,20250331,0.866
000016.SH,603288.SH,20250331,0.86
000016.SH,601628.SH,20250331,0.796
000016.SH,600048.SH,20250331,0.754
000016.SH,601888.SH,20250331,0.746
000016.SH,601658.SH,20250331,0.735
000016.SH,601390.SH,20250331,0.722
000016.SH,603993.SH,20250331,0.682
000016.SH,600438.SH,20250331,0.656
000016.SH,601633.SH,20250331,0.413
000016.SH,600519.SH,20250228,12.095
000016.SH,601318.SH,20250228,6.957
000016.SH,600036.SH,20250228,6.678
000016.SH,600900.SH,20250228,4.298
000016.SH,601166.SH,20250228,3.872
000016.SH,600030.SH,20250228,3.423
000016.SH,601899.SH,20250228,3.244
000016.SH,601398.SH,20250228,3.089
000016.SH,600276.SH,20250228,2.633
000016.SH,688981.SH,20250228,2.495
000016.SH,600887.SH,20250228,2.31
000016.SH,601328.SH,20250228,2.179
000016.SH,601288.SH,20250228,2.101
000016.SH,601816.SH,20250228,2.068
000016.SH,688256.SH,20250228,1.97
000016.SH,603259.SH,20250228,1.962
000016.SH,688041.SH,20250228,1.909
000016.SH,600309.SH,20250228,1.663
000016.SH,603501.SH,20250228,1.549
000016.SH,601728.SH,20250228,1.544
000016.SH,601088.SH,20250228,1.5
000016.SH,601668.SH,20250228,1.463
000016.SH,601988.SH,20250228,1.46
000016.SH,600031.SH,20250228,1.385
000016.SH,601601.SH,20250228,1.356
000016.SH,601012.SH,20250228,1.3
000016.SH,600050.SH,20250228,1.275
000016.SH,600809.SH,20250228,1.275
000016.SH,600690.SH,20250228,1.264
000016.SH,600941.SH,20250228,1.238
000016.SH,600406.SH,20250228,1.208
000016.SH,601127.SH,20250228,1.177
000016.SH,601766.SH,20250228,1.167
000016.SH,601857.SH,20250228,1.143
000016.SH,688012.SH,20250228,1.142
000016.SH,601919.SH,20250228,1.115
000016.SH,600028.SH,20250228,1.082
000016.SH,688111.SH,20250228,1.027
000016.SH,601985.SH,20250228,1.011
000016.SH,601225.SH,20250228,0.943
000016.SH,600150.SH,20250228,0.885
000016.SH,603288.SH,20250228,0.88
000016.SH,601628.SH,20250228,0.832
000016.SH,600048.SH,20250228,0.802
000016.SH,601390.SH,20250228,0.779
000016.SH,601888.SH,20250228,0.766
000016.SH,601658.SH,20250228,0.758
000016.SH,600438.SH,20250228,0.731
000016.SH,603993.SH,20250228,0.602
000016.SH,601633.SH,20250228,0.398
000016.SH,600519.SH,20250127,11.812
000016.SH,601318.SH,20250127,7.172
000016.SH,600036.SH,20250127,6.594
000016.SH,600900.SH,20250127,4.634
000016.SH,601166.SH,20250127,3.871
000016.SH,601899.SH,20250127,3.506
000016.SH,600030.SH,20250127,3.445
000016.SH,601398.SH,20250127,3.133
000016.SH,600276.SH,20250127,2.613
000016.SH,688981.SH,20250127,2.448
000016.SH,600887.SH,20250127,2.322
000016.SH,601328.SH,20250127,2.238
000016.SH,601816.SH,20250127,2.201
000016.SH,601288.SH,20250127,2.159
000016.SH,603259.SH,20250127,1.814
000016.SH,601088.SH,20250127,1.729
000016.SH,600309.SH,20250127,1.692
000016.SH,688256.SH,20250127,1.565
000016.SH,688041.SH,20250127,1.56
000016.SH,601668.SH,20250127,1.538
000016.SH,601988.SH,20250127,1.505
000016.SH,601601.SH,20250127,1.451
000016.SH,601728.SH,20250127,1.436
000016.SH,600690.SH,20250127,1.366
000016.SH,601127.SH,20250127,1.314
000016.SH,600941.SH,20250127,1.313
000016.SH,600031.SH,20250127,1.252
000016.SH,601857.SH,20250127,1.237
000016.SH,600406.SH,20250127,1.215
000016.SH,601919.SH,20250127,1.193
000016.SH,601766.SH,20250127,1.186
000016.SH,601012.SH,20250127,1.184
000016.SH,603501.SH,20250127,1.177
000016.SH,600028.SH,20250127,1.162
000016.SH,601225.SH,20250127,1.105
000016.SH,600809.SH,20250127,1.1
000016.SH,601985.SH,20250127,1.052
000016.SH,688012.SH,20250127,1.028
000016.SH,600050.SH,20250127,1.019
000016.SH,600150.SH,20250127,0.984
000016.SH,688111.SH,20250127,0.952
000016.SH,603288.SH,20250127,0.896
000016.SH,601628.SH,20250127,0.886
000016.SH,601390.SH,20250127,0.797
000016.SH,601658.SH,20250127,0.787
000016.SH,600048.SH,20250127,0.783
000016.SH,601888.SH,20250127,0.777
000016.SH,600438.SH,20250127,0.724
000016.SH,603993.SH,20250127,0.67
000016.SH,601633.SH,20250127,0.406
